Date,Geography,Views
2024-07-07,AR,0
2024-07-08,AR,0
2024-07-09,AR,0
2024-07-10,AR,0
2024-07-11,AR,0
2024-07-12,AR,0
2024-07-13,AR,0
2024-07-14,AR,0
2024-07-15,AR,0
2024-07-16,AR,0
2024-07-17,AR,0
2024-07-18,AR,0
2024-07-19,AR,0
2024-07-20,AR,0
2024-07-21,AR,0
2024-07-22,AR,0
2024-07-23,AR,0
2024-07-24,AR,0
2024-07-25,AR,0
2024-07-26,AR,0
2024-07-27,AR,0
2024-07-28,AR,0
2024-07-29,AR,0
2024-07-30,AR,0
2024-07-31,AR,0
2024-08-01,AR,0
2024-08-02,AR,0
2024-08-03,AR,0
2024-08-04,AR,0
2024-08-05,AR,0
2024-08-06,AR,0
2024-08-07,AR,0
2024-08-08,AR,0
2024-08-09,AR,0
2024-08-10,AR,0
2024-08-11,AR,0
2024-08-12,AR,0
2024-08-13,AR,0
2024-08-14,AR,0
2024-08-15,AR,0
2024-08-16,AR,0
2024-08-17,AR,0
2024-08-18,AR,13
2024-08-19,AR,0
2024-08-20,AR,0
2024-08-21,AR,0
2024-08-22,AR,0
2024-08-23,AR,0
2024-08-24,AR,0
2024-08-25,AR,0
2024-08-26,AR,0
2024-08-27,AR,0
2024-08-28,AR,0
2024-08-29,AR,0
2024-08-30,AR,0
2024-08-31,AR,0
2024-09-01,AR,0
2024-09-02,AR,0
2024-09-03,AR,0
2024-09-04,AR,0
2024-09-05,AR,0
2024-09-06,AR,0
2024-09-07,AR,0
2024-09-08,AR,0
2024-09-09,AR,0
2024-09-10,AR,0
2024-09-11,AR,0
2024-09-12,AR,0
2024-09-13,AR,0
2024-09-14,AR,0
2024-09-15,AR,0
2024-09-16,AR,0
2024-09-17,AR,0
2024-09-18,AR,0
2024-09-19,AR,0
2024-09-20,AR,0
2024-09-21,AR,0
2024-09-22,AR,0
2024-09-23,AR,0
2024-09-24,AR,0
2024-09-25,AR,0
2024-09-26,AR,0
2024-09-27,AR,0
2024-09-28,AR,0
2024-09-29,AR,0
2024-09-30,AR,0
2024-10-01,AR,0
2024-10-02,AR,0
2024-10-03,AR,0
2024-10-04,AR,0
2024-07-07,AT,0
2024-07-08,AT,0
2024-07-09,AT,0
2024-07-10,AT,0
2024-07-11,AT,0
2024-07-12,AT,0
2024-07-13,AT,0
2024-07-14,AT,0
2024-07-15,AT,0
2024-07-16,AT,0
2024-07-17,AT,0
2024-07-18,AT,0
2024-07-19,AT,0
2024-07-20,AT,0
2024-07-21,AT,0
2024-07-22,AT,0
2024-07-23,AT,0
2024-07-24,AT,0
2024-07-25,AT,0
2024-07-26,AT,0
2024-07-27,AT,0
2024-07-28,AT,0
2024-07-29,AT,0
2024-07-30,AT,0
2024-07-31,AT,0
2024-08-01,AT,0
2024-08-02,AT,0
2024-08-03,AT,0
2024-08-04,AT,0
2024-08-05,AT,0
2024-08-06,AT,0
2024-08-07,AT,0
2024-08-08,AT,0
2024-08-09,AT,0
2024-08-10,AT,0
2024-08-11,AT,0
2024-08-12,AT,0
2024-08-13,AT,0
2024-08-14,AT,0
2024-08-15,AT,0
2024-08-16,AT,0
2024-08-17,AT,0
2024-08-18,AT,0
2024-08-19,AT,0
2024-08-20,AT,0
2024-08-21,AT,0
2024-08-22,AT,0
2024-08-23,AT,0
2024-08-24,AT,0
2024-08-25,AT,0
2024-08-26,AT,0
2024-08-27,AT,0
2024-08-28,AT,0
2024-08-29,AT,0
2024-08-30,AT,0
2024-08-31,AT,0
2024-09-01,AT,0
2024-09-02,AT,0
2024-09-03,AT,0
2024-09-04,AT,0
2024-09-05,AT,0
2024-09-06,AT,0
2024-09-07,AT,0
2024-09-08,AT,0
2024-09-09,AT,0
2024-09-10,AT,0
2024-09-11,AT,0
2024-09-12,AT,0
2024-09-13,AT,0
2024-09-14,AT,0
2024-09-15,AT,0
2024-09-16,AT,0
2024-09-17,AT,0
2024-09-18,AT,0
2024-09-19,AT,0
2024-09-20,AT,0
2024-09-21,AT,0
2024-09-22,AT,0
2024-09-23,AT,10
2024-09-24,AT,0
2024-09-25,AT,0
2024-09-26,AT,0
2024-09-27,AT,0
2024-09-28,AT,0
2024-09-29,AT,0
2024-09-30,AT,0
2024-10-01,AT,0
2024-10-02,AT,0
2024-10-03,AT,0
2024-10-04,AT,0
2024-07-07,AU,11
2024-07-08,AU,51
2024-07-09,AU,0
2024-07-10,AU,0
2024-07-11,AU,49
2024-07-12,AU,0
2024-07-13,AU,0
2024-07-14,AU,0
2024-07-15,AU,0
2024-07-16,AU,0
2024-07-17,AU,35
2024-07-18,AU,81
2024-07-19,AU,41
2024-07-20,AU,54
2024-07-21,AU,41
2024-07-22,AU,53
2024-07-23,AU,77
2024-07-24,AU,51
2024-07-25,AU,44
2024-07-26,AU,76
2024-07-27,AU,52
2024-07-28,AU,74
2024-07-29,AU,44
2024-07-30,AU,51
2024-07-31,AU,66
2024-08-01,AU,60
2024-08-02,AU,73
2024-08-03,AU,82
2024-08-04,AU,130
2024-08-05,AU,107
2024-08-06,AU,56
2024-08-07,AU,140
2024-08-08,AU,84
2024-08-09,AU,215
2024-08-10,AU,53
2024-08-11,AU,151
2024-08-12,AU,171
2024-08-13,AU,272
2024-08-14,AU,168
2024-08-15,AU,87
2024-08-16,AU,219
2024-08-17,AU,83
2024-08-18,AU,56
2024-08-19,AU,49
2024-08-20,AU,97
2024-08-21,AU,85
2024-08-22,AU,57
2024-08-23,AU,86
2024-08-24,AU,78
2024-08-25,AU,74
2024-08-26,AU,59
2024-08-27,AU,85
2024-08-28,AU,45
2024-08-29,AU,68
2024-08-30,AU,68
2024-08-31,AU,77
2024-09-01,AU,0
2024-09-02,AU,132
2024-09-03,AU,76
2024-09-04,AU,80
2024-09-05,AU,79
2024-09-06,AU,59
2024-09-07,AU,10
2024-09-08,AU,145
2024-09-09,AU,71
2024-09-10,AU,60
2024-09-11,AU,99
2024-09-12,AU,72
2024-09-13,AU,39
2024-09-14,AU,78
2024-09-15,AU,47
2024-09-16,AU,87
2024-09-17,AU,48
2024-09-18,AU,34
2024-09-19,AU,15
2024-09-20,AU,99
2024-09-21,AU,0
2024-09-22,AU,65
2024-09-23,AU,42
2024-09-24,AU,271
2024-09-25,AU,42
2024-09-26,AU,71
2024-09-27,AU,41
2024-09-28,AU,0
2024-09-29,AU,60
2024-09-30,AU,54
2024-10-01,AU,30
2024-10-02,AU,66
2024-10-03,AU,0
2024-10-04,AU,40
2024-07-07,BD,0
2024-07-08,BD,0
2024-07-09,BD,0
2024-07-10,BD,0
2024-07-11,BD,0
2024-07-12,BD,0
2024-07-13,BD,0
2024-07-14,BD,0
2024-07-15,BD,0
2024-07-16,BD,0
2024-07-17,BD,0
2024-07-18,BD,0
2024-07-19,BD,0
2024-07-20,BD,0
2024-07-21,BD,0
2024-07-22,BD,0
2024-07-23,BD,0
2024-07-24,BD,0
2024-07-25,BD,0
2024-07-26,BD,0
2024-07-27,BD,0
2024-07-28,BD,0
2024-07-29,BD,0
2024-07-30,BD,0
2024-07-31,BD,0
2024-08-01,BD,0
2024-08-02,BD,11
2024-08-03,BD,0
2024-08-04,BD,0
2024-08-05,BD,0
2024-08-06,BD,0
2024-08-07,BD,0
2024-08-08,BD,0
2024-08-09,BD,0
2024-08-10,BD,0
2024-08-11,BD,0
2024-08-12,BD,0
2024-08-13,BD,0
2024-08-14,BD,0
2024-08-15,BD,0
2024-08-16,BD,0
2024-08-17,BD,0
2024-08-18,BD,0
2024-08-19,BD,0
2024-08-20,BD,0
2024-08-21,BD,0
2024-08-22,BD,0
2024-08-23,BD,0
2024-08-24,BD,0
2024-08-25,BD,0
2024-08-26,BD,0
2024-08-27,BD,0
2024-08-28,BD,0
2024-08-29,BD,0
2024-08-30,BD,0
2024-08-31,BD,0
2024-09-01,BD,0
2024-09-02,BD,0
2024-09-03,BD,0
2024-09-04,BD,0
2024-09-05,BD,0
2024-09-06,BD,0
2024-09-07,BD,0
2024-09-08,BD,0
2024-09-09,BD,0
2024-09-10,BD,0
2024-09-11,BD,0
2024-09-12,BD,0
2024-09-13,BD,0
2024-09-14,BD,0
2024-09-15,BD,0
2024-09-16,BD,0
2024-09-17,BD,0
2024-09-18,BD,0
2024-09-19,BD,0
2024-09-20,BD,0
2024-09-21,BD,0
2024-09-22,BD,0
2024-09-23,BD,0
2024-09-24,BD,0
2024-09-25,BD,0
2024-09-26,BD,0
2024-09-27,BD,0
2024-09-28,BD,0
2024-09-29,BD,0
2024-09-30,BD,0
2024-10-01,BD,0
2024-10-02,BD,0
2024-10-03,BD,0
2024-10-04,BD,0
2024-07-07,BE,0
2024-07-08,BE,0
2024-07-09,BE,0
2024-07-10,BE,0
2024-07-11,BE,0
2024-07-12,BE,0
2024-07-13,BE,0
2024-07-14,BE,0
2024-07-15,BE,0
2024-07-16,BE,0
2024-07-17,BE,0
2024-07-18,BE,0
2024-07-19,BE,0
2024-07-20,BE,0
2024-07-21,BE,0
2024-07-22,BE,0
2024-07-23,BE,0
2024-07-24,BE,0
2024-07-25,BE,0
2024-07-26,BE,0
2024-07-27,BE,0
2024-07-28,BE,0
2024-07-29,BE,0
2024-07-30,BE,0
2024-07-31,BE,0
2024-08-01,BE,0
2024-08-02,BE,0
2024-08-03,BE,0
2024-08-04,BE,0
2024-08-05,BE,0
2024-08-06,BE,0
2024-08-07,BE,0
2024-08-08,BE,0
2024-08-09,BE,0
2024-08-10,BE,0
2024-08-11,BE,0
2024-08-12,BE,0
2024-08-13,BE,0
2024-08-14,BE,0
2024-08-15,BE,0
2024-08-16,BE,0
2024-08-17,BE,0
2024-08-18,BE,0
2024-08-19,BE,0
2024-08-20,BE,0
2024-08-21,BE,0
2024-08-22,BE,0
2024-08-23,BE,0
2024-08-24,BE,0
2024-08-25,BE,0
2024-08-26,BE,0
2024-08-27,BE,0
2024-08-28,BE,0
2024-08-29,BE,0
2024-08-30,BE,0
2024-08-31,BE,0
2024-09-01,BE,0
2024-09-02,BE,0
2024-09-03,BE,0
2024-09-04,BE,0
2024-09-05,BE,0
2024-09-06,BE,0
2024-09-07,BE,0
2024-09-08,BE,0
2024-09-09,BE,0
2024-09-10,BE,0
2024-09-11,BE,0
2024-09-12,BE,0
2024-09-13,BE,0
2024-09-14,BE,0
2024-09-15,BE,0
2024-09-16,BE,0
2024-09-17,BE,0
2024-09-18,BE,0
2024-09-19,BE,0
2024-09-20,BE,0
2024-09-21,BE,0
2024-09-22,BE,0
2024-09-23,BE,13
2024-09-24,BE,0
2024-09-25,BE,0
2024-09-26,BE,0
2024-09-27,BE,0
2024-09-28,BE,0
2024-09-29,BE,0
2024-09-30,BE,0
2024-10-01,BE,0
2024-10-02,BE,0
2024-10-03,BE,0
2024-10-04,BE,0
2024-07-07,BG,0
2024-07-08,BG,0
2024-07-09,BG,0
2024-07-10,BG,0
2024-07-11,BG,0
2024-07-12,BG,0
2024-07-13,BG,0
2024-07-14,BG,0
2024-07-15,BG,0
2024-07-16,BG,0
2024-07-17,BG,0
2024-07-18,BG,0
2024-07-19,BG,0
2024-07-20,BG,0
2024-07-21,BG,0
2024-07-22,BG,0
2024-07-23,BG,0
2024-07-24,BG,0
2024-07-25,BG,0
2024-07-26,BG,0
2024-07-27,BG,0
2024-07-28,BG,0
2024-07-29,BG,0
2024-07-30,BG,0
2024-07-31,BG,0
2024-08-01,BG,0
2024-08-02,BG,0
2024-08-03,BG,0
2024-08-04,BG,0
2024-08-05,BG,0
2024-08-06,BG,0
2024-08-07,BG,0
2024-08-08,BG,0
2024-08-09,BG,0
2024-08-10,BG,0
2024-08-11,BG,0
2024-08-12,BG,0
2024-08-13,BG,0
2024-08-14,BG,0
2024-08-15,BG,0
2024-08-16,BG,11
2024-08-17,BG,0
2024-08-18,BG,0
2024-08-19,BG,0
2024-08-20,BG,0
2024-08-21,BG,0
2024-08-22,BG,0
2024-08-23,BG,0
2024-08-24,BG,0
2024-08-25,BG,0
2024-08-26,BG,0
2024-08-27,BG,0
2024-08-28,BG,0
2024-08-29,BG,0
2024-08-30,BG,0
2024-08-31,BG,0
2024-09-01,BG,0
2024-09-02,BG,0
2024-09-03,BG,0
2024-09-04,BG,0
2024-09-05,BG,0
2024-09-06,BG,0
2024-09-07,BG,0
2024-09-08,BG,0
2024-09-09,BG,0
2024-09-10,BG,12
2024-09-11,BG,0
2024-09-12,BG,0
2024-09-13,BG,0
2024-09-14,BG,0
2024-09-15,BG,0
2024-09-16,BG,0
2024-09-17,BG,0
2024-09-18,BG,0
2024-09-19,BG,0
2024-09-20,BG,0
2024-09-21,BG,0
2024-09-22,BG,0
2024-09-23,BG,0
2024-09-24,BG,0
2024-09-25,BG,0
2024-09-26,BG,0
2024-09-27,BG,0
2024-09-28,BG,0
2024-09-29,BG,0
2024-09-30,BG,0
2024-10-01,BG,0
2024-10-02,BG,0
2024-10-03,BG,0
2024-10-04,BG,0
2024-07-07,BR,13
2024-07-08,BR,13
2024-07-09,BR,13
2024-07-10,BR,10
2024-07-11,BR,0
2024-07-12,BR,13
2024-07-13,BR,28
2024-07-14,BR,26
2024-07-15,BR,23
2024-07-16,BR,0
2024-07-17,BR,0
2024-07-18,BR,30
2024-07-19,BR,0
2024-07-20,BR,28
2024-07-21,BR,26
2024-07-22,BR,0
2024-07-23,BR,0
2024-07-24,BR,0
2024-07-25,BR,23
2024-07-26,BR,0
2024-07-27,BR,13
2024-07-28,BR,18
2024-07-29,BR,0
2024-07-30,BR,0
2024-07-31,BR,16
2024-08-01,BR,12
2024-08-02,BR,10
2024-08-03,BR,12
2024-08-04,BR,10
2024-08-05,BR,0
2024-08-06,BR,0
2024-08-07,BR,10
2024-08-08,BR,0
2024-08-09,BR,0
2024-08-10,BR,0
2024-08-11,BR,0
2024-08-12,BR,0
2024-08-13,BR,0
2024-08-14,BR,0
2024-08-15,BR,0
2024-08-16,BR,0
2024-08-17,BR,22
2024-08-18,BR,0
2024-08-19,BR,0
2024-08-20,BR,0
2024-08-21,BR,0
2024-08-22,BR,0
2024-08-23,BR,0
2024-08-24,BR,0
2024-08-25,BR,0
2024-08-26,BR,12
2024-08-27,BR,0
2024-08-28,BR,0
2024-08-29,BR,0
2024-08-30,BR,13
2024-08-31,BR,10
2024-09-01,BR,0
2024-09-02,BR,0
2024-09-03,BR,10
2024-09-04,BR,10
2024-09-05,BR,0
2024-09-06,BR,0
2024-09-07,BR,0
2024-09-08,BR,0
2024-09-09,BR,0
2024-09-10,BR,0
2024-09-11,BR,0
2024-09-12,BR,0
2024-09-13,BR,0
2024-09-14,BR,0
2024-09-15,BR,48
2024-09-16,BR,53
2024-09-17,BR,0
2024-09-18,BR,0
2024-09-19,BR,0
2024-09-20,BR,0
2024-09-21,BR,0
2024-09-22,BR,0
2024-09-23,BR,0
2024-09-24,BR,0
2024-09-25,BR,0
2024-09-26,BR,0
2024-09-27,BR,0
2024-09-28,BR,34
2024-09-29,BR,0
2024-09-30,BR,0
2024-10-01,BR,0
2024-10-02,BR,0
2024-10-03,BR,0
2024-10-04,BR,0
2024-07-07,BY,0
2024-07-08,BY,0
2024-07-09,BY,0
2024-07-10,BY,0
2024-07-11,BY,0
2024-07-12,BY,43
2024-07-13,BY,0
2024-07-14,BY,0
2024-07-15,BY,0
2024-07-16,BY,0
2024-07-17,BY,0
2024-07-18,BY,0
2024-07-19,BY,0
2024-07-20,BY,0
2024-07-21,BY,0
2024-07-22,BY,0
2024-07-23,BY,0
2024-07-24,BY,0
2024-07-25,BY,0
2024-07-26,BY,0
2024-07-27,BY,0
2024-07-28,BY,0
2024-07-29,BY,0
2024-07-30,BY,0
2024-07-31,BY,0
2024-08-01,BY,0
2024-08-02,BY,0
2024-08-03,BY,0
2024-08-04,BY,0
2024-08-05,BY,0
2024-08-06,BY,0
2024-08-07,BY,0
2024-08-08,BY,0
2024-08-09,BY,0
2024-08-10,BY,0
2024-08-11,BY,0
2024-08-12,BY,0
2024-08-13,BY,0
2024-08-14,BY,0
2024-08-15,BY,0
2024-08-16,BY,0
2024-08-17,BY,0
2024-08-18,BY,0
2024-08-19,BY,0
2024-08-20,BY,0
2024-08-21,BY,0
2024-08-22,BY,0
2024-08-23,BY,0
2024-08-24,BY,0
2024-08-25,BY,0
2024-08-26,BY,0
2024-08-27,BY,0
2024-08-28,BY,0
2024-08-29,BY,0
2024-08-30,BY,0
2024-08-31,BY,0
2024-09-01,BY,0
2024-09-02,BY,0
2024-09-03,BY,0
2024-09-04,BY,0
2024-09-05,BY,0
2024-09-06,BY,0
2024-09-07,BY,0
2024-09-08,BY,0
2024-09-09,BY,0
2024-09-10,BY,0
2024-09-11,BY,0
2024-09-12,BY,0
2024-09-13,BY,0
2024-09-14,BY,0
2024-09-15,BY,0
2024-09-16,BY,0
2024-09-17,BY,0
2024-09-18,BY,0
2024-09-19,BY,0
2024-09-20,BY,0
2024-09-21,BY,0
2024-09-22,BY,0
2024-09-23,BY,0
2024-09-24,BY,0
2024-09-25,BY,0
2024-09-26,BY,0
2024-09-27,BY,0
2024-09-28,BY,0
2024-09-29,BY,0
2024-09-30,BY,0
2024-10-01,BY,0
2024-10-02,BY,0
2024-10-03,BY,0
2024-10-04,BY,0
2024-07-07,CA,0
2024-07-08,CA,0
2024-07-09,CA,0
2024-07-10,CA,0
2024-07-11,CA,0
2024-07-12,CA,0
2024-07-13,CA,0
2024-07-14,CA,0
2024-07-15,CA,0
2024-07-16,CA,0
2024-07-17,CA,0
2024-07-18,CA,0
2024-07-19,CA,0
2024-07-20,CA,0
2024-07-21,CA,0
2024-07-22,CA,0
2024-07-23,CA,0
2024-07-24,CA,0
2024-07-25,CA,0
2024-07-26,CA,0
2024-07-27,CA,0
2024-07-28,CA,0
2024-07-29,CA,0
2024-07-30,CA,0
2024-07-31,CA,0
2024-08-01,CA,0
2024-08-02,CA,0
2024-08-03,CA,0
2024-08-04,CA,0
2024-08-05,CA,0
2024-08-06,CA,0
2024-08-07,CA,0
2024-08-08,CA,0
2024-08-09,CA,0
2024-08-10,CA,0
2024-08-11,CA,0
2024-08-12,CA,0
2024-08-13,CA,0
2024-08-14,CA,0
2024-08-15,CA,0
2024-08-16,CA,0
2024-08-17,CA,0
2024-08-18,CA,0
2024-08-19,CA,0
2024-08-20,CA,0
2024-08-21,CA,0
2024-08-22,CA,0
2024-08-23,CA,0
2024-08-24,CA,13
2024-08-25,CA,0
2024-08-26,CA,0
2024-08-27,CA,0
2024-08-28,CA,0
2024-08-29,CA,0
2024-08-30,CA,0
2024-08-31,CA,0
2024-09-01,CA,0
2024-09-02,CA,0
2024-09-03,CA,0
2024-09-04,CA,0
2024-09-05,CA,0
2024-09-06,CA,0
2024-09-07,CA,0
2024-09-08,CA,0
2024-09-09,CA,0
2024-09-10,CA,17
2024-09-11,CA,0
2024-09-12,CA,0
2024-09-13,CA,0
2024-09-14,CA,0
2024-09-15,CA,0
2024-09-16,CA,0
2024-09-17,CA,0
2024-09-18,CA,0
2024-09-19,CA,0
2024-09-20,CA,0
2024-09-21,CA,0
2024-09-22,CA,0
2024-09-23,CA,12
2024-09-24,CA,12
2024-09-25,CA,0
2024-09-26,CA,0
2024-09-27,CA,0
2024-09-28,CA,0
2024-09-29,CA,0
2024-09-30,CA,0
2024-10-01,CA,0
2024-10-02,CA,0
2024-10-03,CA,0
2024-10-04,CA,0
2024-07-07,CH,0
2024-07-08,CH,0
2024-07-09,CH,0
2024-07-10,CH,0
2024-07-11,CH,0
2024-07-12,CH,0
2024-07-13,CH,0
2024-07-14,CH,0
2024-07-15,CH,0
2024-07-16,CH,0
2024-07-17,CH,0
2024-07-18,CH,0
2024-07-19,CH,0
2024-07-20,CH,0
2024-07-21,CH,0
2024-07-22,CH,0
2024-07-23,CH,0
2024-07-24,CH,0
2024-07-25,CH,0
2024-07-26,CH,0
2024-07-27,CH,0
2024-07-28,CH,0
2024-07-29,CH,0
2024-07-30,CH,0
2024-07-31,CH,0
2024-08-01,CH,0
2024-08-02,CH,0
2024-08-03,CH,0
2024-08-04,CH,0
2024-08-05,CH,0
2024-08-06,CH,0
2024-08-07,CH,0
2024-08-08,CH,0
2024-08-09,CH,0
2024-08-10,CH,0
2024-08-11,CH,0
2024-08-12,CH,0
2024-08-13,CH,0
2024-08-14,CH,0
2024-08-15,CH,0
2024-08-16,CH,0
2024-08-17,CH,0
2024-08-18,CH,0
2024-08-19,CH,0
2024-08-20,CH,0
2024-08-21,CH,0
2024-08-22,CH,0
2024-08-23,CH,0
2024-08-24,CH,0
2024-08-25,CH,0
2024-08-26,CH,0
2024-08-27,CH,0
2024-08-28,CH,0
2024-08-29,CH,0
2024-08-30,CH,0
2024-08-31,CH,0
2024-09-01,CH,0
2024-09-02,CH,0
2024-09-03,CH,0
2024-09-04,CH,0
2024-09-05,CH,0
2024-09-06,CH,0
2024-09-07,CH,0
2024-09-08,CH,0
2024-09-09,CH,0
2024-09-10,CH,0
2024-09-11,CH,0
2024-09-12,CH,0
2024-09-13,CH,0
2024-09-14,CH,0
2024-09-15,CH,0
2024-09-16,CH,0
2024-09-17,CH,0
2024-09-18,CH,0
2024-09-19,CH,0
2024-09-20,CH,0
2024-09-21,CH,0
2024-09-22,CH,0
2024-09-23,CH,13
2024-09-24,CH,0
2024-09-25,CH,0
2024-09-26,CH,0
2024-09-27,CH,0
2024-09-28,CH,0
2024-09-29,CH,0
2024-09-30,CH,0
2024-10-01,CH,0
2024-10-02,CH,0
2024-10-03,CH,0
2024-10-04,CH,0
2024-07-07,CL,0
2024-07-08,CL,0
2024-07-09,CL,0
2024-07-10,CL,0
2024-07-11,CL,0
2024-07-12,CL,0
2024-07-13,CL,0
2024-07-14,CL,0
2024-07-15,CL,0
2024-07-16,CL,0
2024-07-17,CL,0
2024-07-18,CL,0
2024-07-19,CL,0
2024-07-20,CL,0
2024-07-21,CL,0
2024-07-22,CL,0
2024-07-23,CL,0
2024-07-24,CL,0
2024-07-25,CL,0
2024-07-26,CL,0
2024-07-27,CL,0
2024-07-28,CL,0
2024-07-29,CL,0
2024-07-30,CL,0
2024-07-31,CL,0
2024-08-01,CL,0
2024-08-02,CL,0
2024-08-03,CL,0
2024-08-04,CL,0
2024-08-05,CL,0
2024-08-06,CL,0
2024-08-07,CL,0
2024-08-08,CL,0
2024-08-09,CL,0
2024-08-10,CL,0
2024-08-11,CL,0
2024-08-12,CL,0
2024-08-13,CL,10
2024-08-14,CL,12
2024-08-15,CL,0
2024-08-16,CL,0
2024-08-17,CL,0
2024-08-18,CL,0
2024-08-19,CL,0
2024-08-20,CL,0
2024-08-21,CL,0
2024-08-22,CL,0
2024-08-23,CL,0
2024-08-24,CL,0
2024-08-25,CL,0
2024-08-26,CL,0
2024-08-27,CL,0
2024-08-28,CL,0
2024-08-29,CL,0
2024-08-30,CL,0
2024-08-31,CL,0
2024-09-01,CL,0
2024-09-02,CL,0
2024-09-03,CL,15
2024-09-04,CL,12
2024-09-05,CL,16
2024-09-06,CL,0
2024-09-07,CL,0
2024-09-08,CL,0
2024-09-09,CL,0
2024-09-10,CL,0
2024-09-11,CL,0
2024-09-12,CL,0
2024-09-13,CL,0
2024-09-14,CL,12
2024-09-15,CL,14
2024-09-16,CL,0
2024-09-17,CL,0
2024-09-18,CL,0
2024-09-19,CL,0
2024-09-20,CL,0
2024-09-21,CL,0
2024-09-22,CL,0
2024-09-23,CL,0
2024-09-24,CL,0
2024-09-25,CL,0
2024-09-26,CL,0
2024-09-27,CL,0
2024-09-28,CL,0
2024-09-29,CL,13
2024-09-30,CL,0
2024-10-01,CL,0
2024-10-02,CL,0
2024-10-03,CL,0
2024-10-04,CL,0
2024-07-07,CN,0
2024-07-08,CN,0
2024-07-09,CN,0
2024-07-10,CN,0
2024-07-11,CN,0
2024-07-12,CN,0
2024-07-13,CN,0
2024-07-14,CN,0
2024-07-15,CN,0
2024-07-16,CN,0
2024-07-17,CN,0
2024-07-18,CN,0
2024-07-19,CN,0
2024-07-20,CN,0
2024-07-21,CN,0
2024-07-22,CN,0
2024-07-23,CN,0
2024-07-24,CN,0
2024-07-25,CN,0
2024-07-26,CN,0
2024-07-27,CN,0
2024-07-28,CN,0
2024-07-29,CN,0
2024-07-30,CN,0
2024-07-31,CN,0
2024-08-01,CN,0
2024-08-02,CN,0
2024-08-03,CN,0
2024-08-04,CN,0
2024-08-05,CN,0
2024-08-06,CN,0
2024-08-07,CN,0
2024-08-08,CN,0
2024-08-09,CN,0
2024-08-10,CN,0
2024-08-11,CN,0
2024-08-12,CN,0
2024-08-13,CN,0
2024-08-14,CN,0
2024-08-15,CN,0
2024-08-16,CN,0
2024-08-17,CN,0
2024-08-18,CN,0
2024-08-19,CN,0
2024-08-20,CN,0
2024-08-21,CN,0
2024-08-22,CN,0
2024-08-23,CN,0
2024-08-24,CN,0
2024-08-25,CN,0
2024-08-26,CN,0
2024-08-27,CN,0
2024-08-28,CN,0
2024-08-29,CN,0
2024-08-30,CN,0
2024-08-31,CN,0
2024-09-01,CN,0
2024-09-02,CN,0
2024-09-03,CN,0
2024-09-04,CN,0
2024-09-05,CN,0
2024-09-06,CN,0
2024-09-07,CN,0
2024-09-08,CN,0
2024-09-09,CN,0
2024-09-10,CN,0
2024-09-11,CN,0
2024-09-12,CN,0
2024-09-13,CN,0
2024-09-14,CN,0
2024-09-15,CN,0
2024-09-16,CN,10
2024-09-17,CN,0
2024-09-18,CN,0
2024-09-19,CN,0
2024-09-20,CN,0
2024-09-21,CN,0
2024-09-22,CN,0
2024-09-23,CN,0
2024-09-24,CN,0
2024-09-25,CN,0
2024-09-26,CN,0
2024-09-27,CN,0
2024-09-28,CN,0
2024-09-29,CN,0
2024-09-30,CN,0
2024-10-01,CN,0
2024-10-02,CN,0
2024-10-03,CN,0
2024-10-04,CN,0
2024-07-07,CO,0
2024-07-08,CO,0
2024-07-09,CO,0
2024-07-10,CO,0
2024-07-11,CO,0
2024-07-12,CO,0
2024-07-13,CO,0
2024-07-14,CO,0
2024-07-15,CO,0
2024-07-16,CO,0
2024-07-17,CO,0
2024-07-18,CO,0
2024-07-19,CO,0
2024-07-20,CO,0
2024-07-21,CO,0
2024-07-22,CO,0
2024-07-23,CO,0
2024-07-24,CO,0
2024-07-25,CO,0
2024-07-26,CO,0
2024-07-27,CO,0
2024-07-28,CO,0
2024-07-29,CO,0
2024-07-30,CO,0
2024-07-31,CO,0
2024-08-01,CO,0
2024-08-02,CO,0
2024-08-03,CO,0
2024-08-04,CO,0
2024-08-05,CO,0
2024-08-06,CO,0
2024-08-07,CO,0
2024-08-08,CO,0
2024-08-09,CO,0
2024-08-10,CO,12
2024-08-11,CO,0
2024-08-12,CO,0
2024-08-13,CO,0
2024-08-14,CO,0
2024-08-15,CO,0
2024-08-16,CO,0
2024-08-17,CO,0
2024-08-18,CO,0
2024-08-19,CO,0
2024-08-20,CO,0
2024-08-21,CO,0
2024-08-22,CO,0
2024-08-23,CO,0
2024-08-24,CO,0
2024-08-25,CO,0
2024-08-26,CO,0
2024-08-27,CO,0
2024-08-28,CO,0
2024-08-29,CO,0
2024-08-30,CO,0
2024-08-31,CO,0
2024-09-01,CO,0
2024-09-02,CO,0
2024-09-03,CO,0
2024-09-04,CO,0
2024-09-05,CO,0
2024-09-06,CO,0
2024-09-07,CO,0
2024-09-08,CO,0
2024-09-09,CO,0
2024-09-10,CO,0
2024-09-11,CO,0
2024-09-12,CO,0
2024-09-13,CO,0
2024-09-14,CO,0
2024-09-15,CO,0
2024-09-16,CO,0
2024-09-17,CO,0
2024-09-18,CO,0
2024-09-19,CO,0
2024-09-20,CO,0
2024-09-21,CO,0
2024-09-22,CO,0
2024-09-23,CO,0
2024-09-24,CO,0
2024-09-25,CO,0
2024-09-26,CO,0
2024-09-27,CO,0
2024-09-28,CO,0
2024-09-29,CO,0
2024-09-30,CO,0
2024-10-01,CO,0
2024-10-02,CO,0
2024-10-03,CO,0
2024-10-04,CO,0
2024-07-07,CZ,0
2024-07-08,CZ,0
2024-07-09,CZ,0
2024-07-10,CZ,0
2024-07-11,CZ,0
2024-07-12,CZ,0
2024-07-13,CZ,0
2024-07-14,CZ,0
2024-07-15,CZ,0
2024-07-16,CZ,0
2024-07-17,CZ,0
2024-07-18,CZ,0
2024-07-19,CZ,0
2024-07-20,CZ,0
2024-07-21,CZ,0
2024-07-22,CZ,0
2024-07-23,CZ,0
2024-07-24,CZ,0
2024-07-25,CZ,0
2024-07-26,CZ,0
2024-07-27,CZ,0
2024-07-28,CZ,0
2024-07-29,CZ,0
2024-07-30,CZ,0
2024-07-31,CZ,0
2024-08-01,CZ,0
2024-08-02,CZ,0
2024-08-03,CZ,0
2024-08-04,CZ,0
2024-08-05,CZ,0
2024-08-06,CZ,0
2024-08-07,CZ,0
2024-08-08,CZ,0
2024-08-09,CZ,0
2024-08-10,CZ,0
2024-08-11,CZ,0
2024-08-12,CZ,0
2024-08-13,CZ,0
2024-08-14,CZ,0
2024-08-15,CZ,0
2024-08-16,CZ,0
2024-08-17,CZ,0
2024-08-18,CZ,0
2024-08-19,CZ,0
2024-08-20,CZ,0
2024-08-21,CZ,0
2024-08-22,CZ,0
2024-08-23,CZ,0
2024-08-24,CZ,0
2024-08-25,CZ,0
2024-08-26,CZ,0
2024-08-27,CZ,0
2024-08-28,CZ,0
2024-08-29,CZ,0
2024-08-30,CZ,0
2024-08-31,CZ,0
2024-09-01,CZ,0
2024-09-02,CZ,0
2024-09-03,CZ,0
2024-09-04,CZ,0
2024-09-05,CZ,0
2024-09-06,CZ,0
2024-09-07,CZ,0
2024-09-08,CZ,0
2024-09-09,CZ,0
2024-09-10,CZ,0
2024-09-11,CZ,0
2024-09-12,CZ,0
2024-09-13,CZ,0
2024-09-14,CZ,0
2024-09-15,CZ,0
2024-09-16,CZ,0
2024-09-17,CZ,0
2024-09-18,CZ,0
2024-09-19,CZ,0
2024-09-20,CZ,0
2024-09-21,CZ,0
2024-09-22,CZ,0
2024-09-23,CZ,42
2024-09-24,CZ,0
2024-09-25,CZ,0
2024-09-26,CZ,0
2024-09-27,CZ,0
2024-09-28,CZ,0
2024-09-29,CZ,0
2024-09-30,CZ,0
2024-10-01,CZ,0
2024-10-02,CZ,0
2024-10-03,CZ,0
2024-10-04,CZ,0
2024-07-07,DE,0
2024-07-08,DE,0
2024-07-09,DE,0
2024-07-10,DE,0
2024-07-11,DE,0
2024-07-12,DE,0
2024-07-13,DE,0
2024-07-14,DE,0
2024-07-15,DE,0
2024-07-16,DE,11
2024-07-17,DE,0
2024-07-18,DE,0
2024-07-19,DE,0
2024-07-20,DE,0
2024-07-21,DE,0
2024-07-22,DE,0
2024-07-23,DE,0
2024-07-24,DE,0
2024-07-25,DE,0
2024-07-26,DE,0
2024-07-27,DE,10
2024-07-28,DE,0
2024-07-29,DE,0
2024-07-30,DE,0
2024-07-31,DE,0
2024-08-01,DE,11
2024-08-02,DE,0
2024-08-03,DE,0
2024-08-04,DE,0
2024-08-05,DE,0
2024-08-06,DE,0
2024-08-07,DE,0
2024-08-08,DE,0
2024-08-09,DE,0
2024-08-10,DE,0
2024-08-11,DE,0
2024-08-12,DE,0
2024-08-13,DE,0
2024-08-14,DE,0
2024-08-15,DE,0
2024-08-16,DE,0
2024-08-17,DE,0
2024-08-18,DE,0
2024-08-19,DE,0
2024-08-20,DE,0
2024-08-21,DE,0
2024-08-22,DE,0
2024-08-23,DE,0
2024-08-24,DE,0
2024-08-25,DE,0
2024-08-26,DE,0
2024-08-27,DE,0
2024-08-28,DE,0
2024-08-29,DE,0
2024-08-30,DE,0
2024-08-31,DE,0
2024-09-01,DE,0
2024-09-02,DE,0
2024-09-03,DE,0
2024-09-04,DE,0
2024-09-05,DE,0
2024-09-06,DE,0
2024-09-07,DE,0
2024-09-08,DE,0
2024-09-09,DE,0
2024-09-10,DE,12
2024-09-11,DE,11
2024-09-12,DE,0
2024-09-13,DE,0
2024-09-14,DE,0
2024-09-15,DE,0
2024-09-16,DE,0
2024-09-17,DE,0
2024-09-18,DE,0
2024-09-19,DE,0
2024-09-20,DE,0
2024-09-21,DE,22
2024-09-22,DE,0
2024-09-23,DE,77
2024-09-24,DE,31
2024-09-25,DE,0
2024-09-26,DE,0
2024-09-27,DE,0
2024-09-28,DE,0
2024-09-29,DE,0
2024-09-30,DE,0
2024-10-01,DE,0
2024-10-02,DE,0
2024-10-03,DE,0
2024-10-04,DE,0
2024-07-07,DK,0
2024-07-08,DK,0
2024-07-09,DK,0
2024-07-10,DK,0
2024-07-11,DK,0
2024-07-12,DK,0
2024-07-13,DK,0
2024-07-14,DK,0
2024-07-15,DK,0
2024-07-16,DK,0
2024-07-17,DK,0
2024-07-18,DK,0
2024-07-19,DK,0
2024-07-20,DK,0
2024-07-21,DK,0
2024-07-22,DK,0
2024-07-23,DK,0
2024-07-24,DK,0
2024-07-25,DK,0
2024-07-26,DK,0
2024-07-27,DK,0
2024-07-28,DK,0
2024-07-29,DK,0
2024-07-30,DK,0
2024-07-31,DK,0
2024-08-01,DK,0
2024-08-02,DK,0
2024-08-03,DK,0
2024-08-04,DK,0
2024-08-05,DK,0
2024-08-06,DK,0
2024-08-07,DK,0
2024-08-08,DK,0
2024-08-09,DK,0
2024-08-10,DK,0
2024-08-11,DK,0
2024-08-12,DK,0
2024-08-13,DK,0
2024-08-14,DK,0
2024-08-15,DK,0
2024-08-16,DK,0
2024-08-17,DK,0
2024-08-18,DK,0
2024-08-19,DK,0
2024-08-20,DK,0
2024-08-21,DK,0
2024-08-22,DK,0
2024-08-23,DK,0
2024-08-24,DK,0
2024-08-25,DK,0
2024-08-26,DK,0
2024-08-27,DK,0
2024-08-28,DK,0
2024-08-29,DK,0
2024-08-30,DK,0
2024-08-31,DK,0
2024-09-01,DK,0
2024-09-02,DK,0
2024-09-03,DK,0
2024-09-04,DK,0
2024-09-05,DK,0
2024-09-06,DK,0
2024-09-07,DK,0
2024-09-08,DK,0
2024-09-09,DK,0
2024-09-10,DK,0
2024-09-11,DK,0
2024-09-12,DK,0
2024-09-13,DK,0
2024-09-14,DK,0
2024-09-15,DK,0
2024-09-16,DK,0
2024-09-17,DK,0
2024-09-18,DK,0
2024-09-19,DK,0
2024-09-20,DK,0
2024-09-21,DK,0
2024-09-22,DK,0
2024-09-23,DK,10
2024-09-24,DK,0
2024-09-25,DK,0
2024-09-26,DK,0
2024-09-27,DK,0
2024-09-28,DK,0
2024-09-29,DK,0
2024-09-30,DK,0
2024-10-01,DK,0
2024-10-02,DK,0
2024-10-03,DK,0
2024-10-04,DK,0
2024-07-07,DZ,0
2024-07-08,DZ,0
2024-07-09,DZ,0
2024-07-10,DZ,0
2024-07-11,DZ,0
2024-07-12,DZ,0
2024-07-13,DZ,0
2024-07-14,DZ,0
2024-07-15,DZ,0
2024-07-16,DZ,0
2024-07-17,DZ,0
2024-07-18,DZ,0
2024-07-19,DZ,0
2024-07-20,DZ,0
2024-07-21,DZ,0
2024-07-22,DZ,0
2024-07-23,DZ,0
2024-07-24,DZ,0
2024-07-25,DZ,0
2024-07-26,DZ,0
2024-07-27,DZ,0
2024-07-28,DZ,0
2024-07-29,DZ,0
2024-07-30,DZ,0
2024-07-31,DZ,0
2024-08-01,DZ,0
2024-08-02,DZ,0
2024-08-03,DZ,0
2024-08-04,DZ,0
2024-08-05,DZ,0
2024-08-06,DZ,0
2024-08-07,DZ,0
2024-08-08,DZ,0
2024-08-09,DZ,0
2024-08-10,DZ,0
2024-08-11,DZ,0
2024-08-12,DZ,0
2024-08-13,DZ,0
2024-08-14,DZ,0
2024-08-15,DZ,0
2024-08-16,DZ,0
2024-08-17,DZ,0
2024-08-18,DZ,0
2024-08-19,DZ,0
2024-08-20,DZ,0
2024-08-21,DZ,0
2024-08-22,DZ,0
2024-08-23,DZ,0
2024-08-24,DZ,0
2024-08-25,DZ,0
2024-08-26,DZ,0
2024-08-27,DZ,16
2024-08-28,DZ,0
2024-08-29,DZ,0
2024-08-30,DZ,0
2024-08-31,DZ,0
2024-09-01,DZ,0
2024-09-02,DZ,0
2024-09-03,DZ,0
2024-09-04,DZ,0
2024-09-05,DZ,0
2024-09-06,DZ,0
2024-09-07,DZ,0
2024-09-08,DZ,0
2024-09-09,DZ,0
2024-09-10,DZ,0
2024-09-11,DZ,0
2024-09-12,DZ,0
2024-09-13,DZ,0
2024-09-14,DZ,0
2024-09-15,DZ,0
2024-09-16,DZ,0
2024-09-17,DZ,0
2024-09-18,DZ,0
2024-09-19,DZ,0
2024-09-20,DZ,0
2024-09-21,DZ,0
2024-09-22,DZ,0
2024-09-23,DZ,0
2024-09-24,DZ,0
2024-09-25,DZ,0
2024-09-26,DZ,0
2024-09-27,DZ,0
2024-09-28,DZ,0
2024-09-29,DZ,0
2024-09-30,DZ,0
2024-10-01,DZ,0
2024-10-02,DZ,0
2024-10-03,DZ,0
2024-10-04,DZ,0
2024-07-07,ES,0
2024-07-08,ES,0
2024-07-09,ES,0
2024-07-10,ES,0
2024-07-11,ES,0
2024-07-12,ES,0
2024-07-13,ES,0
2024-07-14,ES,0
2024-07-15,ES,0
2024-07-16,ES,0
2024-07-17,ES,0
2024-07-18,ES,0
2024-07-19,ES,0
2024-07-20,ES,0
2024-07-21,ES,0
2024-07-22,ES,0
2024-07-23,ES,0
2024-07-24,ES,0
2024-07-25,ES,0
2024-07-26,ES,0
2024-07-27,ES,0
2024-07-28,ES,0
2024-07-29,ES,0
2024-07-30,ES,0
2024-07-31,ES,0
2024-08-01,ES,0
2024-08-02,ES,0
2024-08-03,ES,0
2024-08-04,ES,0
2024-08-05,ES,0
2024-08-06,ES,0
2024-08-07,ES,0
2024-08-08,ES,0
2024-08-09,ES,0
2024-08-10,ES,0
2024-08-11,ES,0
2024-08-12,ES,0
2024-08-13,ES,0
2024-08-14,ES,0
2024-08-15,ES,0
2024-08-16,ES,0
2024-08-17,ES,0
2024-08-18,ES,0
2024-08-19,ES,0
2024-08-20,ES,0
2024-08-21,ES,0
2024-08-22,ES,0
2024-08-23,ES,0
2024-08-24,ES,0
2024-08-25,ES,0
2024-08-26,ES,0
2024-08-27,ES,0
2024-08-28,ES,0
2024-08-29,ES,0
2024-08-30,ES,0
2024-08-31,ES,0
2024-09-01,ES,0
2024-09-02,ES,0
2024-09-03,ES,0
2024-09-04,ES,0
2024-09-05,ES,0
2024-09-06,ES,0
2024-09-07,ES,0
2024-09-08,ES,0
2024-09-09,ES,0
2024-09-10,ES,0
2024-09-11,ES,0
2024-09-12,ES,0
2024-09-13,ES,0
2024-09-14,ES,0
2024-09-15,ES,0
2024-09-16,ES,0
2024-09-17,ES,0
2024-09-18,ES,0
2024-09-19,ES,0
2024-09-20,ES,0
2024-09-21,ES,0
2024-09-22,ES,0
2024-09-23,ES,11
2024-09-24,ES,0
2024-09-25,ES,0
2024-09-26,ES,0
2024-09-27,ES,0
2024-09-28,ES,0
2024-09-29,ES,0
2024-09-30,ES,0
2024-10-01,ES,0
2024-10-02,ES,0
2024-10-03,ES,0
2024-10-04,ES,0
2024-07-07,FI,0
2024-07-08,FI,0
2024-07-09,FI,0
2024-07-10,FI,0
2024-07-11,FI,0
2024-07-12,FI,0
2024-07-13,FI,0
2024-07-14,FI,0
2024-07-15,FI,0
2024-07-16,FI,0
2024-07-17,FI,0
2024-07-18,FI,0
2024-07-19,FI,0
2024-07-20,FI,0
2024-07-21,FI,0
2024-07-22,FI,0
2024-07-23,FI,0
2024-07-24,FI,0
2024-07-25,FI,0
2024-07-26,FI,0
2024-07-27,FI,0
2024-07-28,FI,0
2024-07-29,FI,0
2024-07-30,FI,0
2024-07-31,FI,0
2024-08-01,FI,0
2024-08-02,FI,0
2024-08-03,FI,0
2024-08-04,FI,0
2024-08-05,FI,0
2024-08-06,FI,0
2024-08-07,FI,0
2024-08-08,FI,0
2024-08-09,FI,0
2024-08-10,FI,0
2024-08-11,FI,0
2024-08-12,FI,0
2024-08-13,FI,0
2024-08-14,FI,0
2024-08-15,FI,0
2024-08-16,FI,0
2024-08-17,FI,0
2024-08-18,FI,0
2024-08-19,FI,0
2024-08-20,FI,0
2024-08-21,FI,0
2024-08-22,FI,0
2024-08-23,FI,0
2024-08-24,FI,0
2024-08-25,FI,0
2024-08-26,FI,0
2024-08-27,FI,0
2024-08-28,FI,0
2024-08-29,FI,0
2024-08-30,FI,0
2024-08-31,FI,0
2024-09-01,FI,0
2024-09-02,FI,0
2024-09-03,FI,0
2024-09-04,FI,0
2024-09-05,FI,0
2024-09-06,FI,0
2024-09-07,FI,0
2024-09-08,FI,0
2024-09-09,FI,0
2024-09-10,FI,0
2024-09-11,FI,0
2024-09-12,FI,0
2024-09-13,FI,0
2024-09-14,FI,0
2024-09-15,FI,0
2024-09-16,FI,0
2024-09-17,FI,0
2024-09-18,FI,0
2024-09-19,FI,0
2024-09-20,FI,0
2024-09-21,FI,0
2024-09-22,FI,0
2024-09-23,FI,13
2024-09-24,FI,10
2024-09-25,FI,0
2024-09-26,FI,0
2024-09-27,FI,0
2024-09-28,FI,0
2024-09-29,FI,0
2024-09-30,FI,0
2024-10-01,FI,0
2024-10-02,FI,0
2024-10-03,FI,0
2024-10-04,FI,0
2024-07-07,FR,0
2024-07-08,FR,0
2024-07-09,FR,0
2024-07-10,FR,0
2024-07-11,FR,0
2024-07-12,FR,0
2024-07-13,FR,0
2024-07-14,FR,0
2024-07-15,FR,0
2024-07-16,FR,0
2024-07-17,FR,0
2024-07-18,FR,0
2024-07-19,FR,10
2024-07-20,FR,0
2024-07-21,FR,0
2024-07-22,FR,0
2024-07-23,FR,0
2024-07-24,FR,0
2024-07-25,FR,0
2024-07-26,FR,0
2024-07-27,FR,0
2024-07-28,FR,0
2024-07-29,FR,0
2024-07-30,FR,0
2024-07-31,FR,0
2024-08-01,FR,0
2024-08-02,FR,0
2024-08-03,FR,0
2024-08-04,FR,0
2024-08-05,FR,0
2024-08-06,FR,0
2024-08-07,FR,0
2024-08-08,FR,0
2024-08-09,FR,0
2024-08-10,FR,11
2024-08-11,FR,0
2024-08-12,FR,0
2024-08-13,FR,0
2024-08-14,FR,0
2024-08-15,FR,0
2024-08-16,FR,0
2024-08-17,FR,0
2024-08-18,FR,0
2024-08-19,FR,0
2024-08-20,FR,0
2024-08-21,FR,12
2024-08-22,FR,0
2024-08-23,FR,0
2024-08-24,FR,0
2024-08-25,FR,0
2024-08-26,FR,0
2024-08-27,FR,0
2024-08-28,FR,0
2024-08-29,FR,0
2024-08-30,FR,0
2024-08-31,FR,0
2024-09-01,FR,0
2024-09-02,FR,0
2024-09-03,FR,0
2024-09-04,FR,0
2024-09-05,FR,0
2024-09-06,FR,0
2024-09-07,FR,0
2024-09-08,FR,0
2024-09-09,FR,0
2024-09-10,FR,0
2024-09-11,FR,0
2024-09-12,FR,0
2024-09-13,FR,0
2024-09-14,FR,0
2024-09-15,FR,0
2024-09-16,FR,0
2024-09-17,FR,0
2024-09-18,FR,0
2024-09-19,FR,0
2024-09-20,FR,0
2024-09-21,FR,0
2024-09-22,FR,0
2024-09-23,FR,12
2024-09-24,FR,0
2024-09-25,FR,0
2024-09-26,FR,0
2024-09-27,FR,0
2024-09-28,FR,0
2024-09-29,FR,0
2024-09-30,FR,0
2024-10-01,FR,0
2024-10-02,FR,0
2024-10-03,FR,0
2024-10-04,FR,0
2024-07-07,GB,0
2024-07-08,GB,0
2024-07-09,GB,0
2024-07-10,GB,0
2024-07-11,GB,0
2024-07-12,GB,0
2024-07-13,GB,0
2024-07-14,GB,0
2024-07-15,GB,0
2024-07-16,GB,0
2024-07-17,GB,0
2024-07-18,GB,0
2024-07-19,GB,0
2024-07-20,GB,0
2024-07-21,GB,0
2024-07-22,GB,0
2024-07-23,GB,0
2024-07-24,GB,0
2024-07-25,GB,0
2024-07-26,GB,0
2024-07-27,GB,0
2024-07-28,GB,0
2024-07-29,GB,0
2024-07-30,GB,0
2024-07-31,GB,0
2024-08-01,GB,0
2024-08-02,GB,13
2024-08-03,GB,0
2024-08-04,GB,0
2024-08-05,GB,0
2024-08-06,GB,0
2024-08-07,GB,0
2024-08-08,GB,0
2024-08-09,GB,0
2024-08-10,GB,14
2024-08-11,GB,0
2024-08-12,GB,0
2024-08-13,GB,0
2024-08-14,GB,0
2024-08-15,GB,0
2024-08-16,GB,0
2024-08-17,GB,0
2024-08-18,GB,0
2024-08-19,GB,0
2024-08-20,GB,0
2024-08-21,GB,0
2024-08-22,GB,0
2024-08-23,GB,0
2024-08-24,GB,0
2024-08-25,GB,0
2024-08-26,GB,0
2024-08-27,GB,0
2024-08-28,GB,0
2024-08-29,GB,0
2024-08-30,GB,0
2024-08-31,GB,0
2024-09-01,GB,0
2024-09-02,GB,0
2024-09-03,GB,0
2024-09-04,GB,0
2024-09-05,GB,0
2024-09-06,GB,0
2024-09-07,GB,0
2024-09-08,GB,0
2024-09-09,GB,0
2024-09-10,GB,0
2024-09-11,GB,0
2024-09-12,GB,0
2024-09-13,GB,0
2024-09-14,GB,0
2024-09-15,GB,0
2024-09-16,GB,0
2024-09-17,GB,0
2024-09-18,GB,0
2024-09-19,GB,0
2024-09-20,GB,0
2024-09-21,GB,0
2024-09-22,GB,0
2024-09-23,GB,23
2024-09-24,GB,25
2024-09-25,GB,0
2024-09-26,GB,0
2024-09-27,GB,0
2024-09-28,GB,0
2024-09-29,GB,0
2024-09-30,GB,0
2024-10-01,GB,0
2024-10-02,GB,0
2024-10-03,GB,0
2024-10-04,GB,0
2024-07-07,GR,0
2024-07-08,GR,0
2024-07-09,GR,0
2024-07-10,GR,0
2024-07-11,GR,0
2024-07-12,GR,0
2024-07-13,GR,0
2024-07-14,GR,0
2024-07-15,GR,0
2024-07-16,GR,0
2024-07-17,GR,0
2024-07-18,GR,0
2024-07-19,GR,0
2024-07-20,GR,0
2024-07-21,GR,0
2024-07-22,GR,0
2024-07-23,GR,0
2024-07-24,GR,0
2024-07-25,GR,0
2024-07-26,GR,0
2024-07-27,GR,0
2024-07-28,GR,0
2024-07-29,GR,0
2024-07-30,GR,0
2024-07-31,GR,0
2024-08-01,GR,0
2024-08-02,GR,0
2024-08-03,GR,0
2024-08-04,GR,0
2024-08-05,GR,0
2024-08-06,GR,0
2024-08-07,GR,0
2024-08-08,GR,0
2024-08-09,GR,0
2024-08-10,GR,0
2024-08-11,GR,0
2024-08-12,GR,0
2024-08-13,GR,0
2024-08-14,GR,0
2024-08-15,GR,0
2024-08-16,GR,0
2024-08-17,GR,0
2024-08-18,GR,0
2024-08-19,GR,0
2024-08-20,GR,0
2024-08-21,GR,0
2024-08-22,GR,0
2024-08-23,GR,0
2024-08-24,GR,0
2024-08-25,GR,0
2024-08-26,GR,0
2024-08-27,GR,0
2024-08-28,GR,0
2024-08-29,GR,0
2024-08-30,GR,0
2024-08-31,GR,0
2024-09-01,GR,0
2024-09-02,GR,0
2024-09-03,GR,0
2024-09-04,GR,0
2024-09-05,GR,0
2024-09-06,GR,0
2024-09-07,GR,0
2024-09-08,GR,0
2024-09-09,GR,0
2024-09-10,GR,0
2024-09-11,GR,0
2024-09-12,GR,0
2024-09-13,GR,0
2024-09-14,GR,0
2024-09-15,GR,0
2024-09-16,GR,0
2024-09-17,GR,0
2024-09-18,GR,0
2024-09-19,GR,0
2024-09-20,GR,0
2024-09-21,GR,0
2024-09-22,GR,0
2024-09-23,GR,13
2024-09-24,GR,0
2024-09-25,GR,0
2024-09-26,GR,0
2024-09-27,GR,0
2024-09-28,GR,0
2024-09-29,GR,0
2024-09-30,GR,0
2024-10-01,GR,0
2024-10-02,GR,0
2024-10-03,GR,0
2024-10-04,GR,0
2024-07-07,HU,0
2024-07-08,HU,0
2024-07-09,HU,0
2024-07-10,HU,0
2024-07-11,HU,0
2024-07-12,HU,0
2024-07-13,HU,0
2024-07-14,HU,0
2024-07-15,HU,0
2024-07-16,HU,0
2024-07-17,HU,0
2024-07-18,HU,0
2024-07-19,HU,0
2024-07-20,HU,0
2024-07-21,HU,0
2024-07-22,HU,0
2024-07-23,HU,0
2024-07-24,HU,0
2024-07-25,HU,0
2024-07-26,HU,0
2024-07-27,HU,0
2024-07-28,HU,0
2024-07-29,HU,0
2024-07-30,HU,0
2024-07-31,HU,0
2024-08-01,HU,0
2024-08-02,HU,0
2024-08-03,HU,0
2024-08-04,HU,0
2024-08-05,HU,0
2024-08-06,HU,0
2024-08-07,HU,0
2024-08-08,HU,0
2024-08-09,HU,0
2024-08-10,HU,0
2024-08-11,HU,0
2024-08-12,HU,0
2024-08-13,HU,0
2024-08-14,HU,0
2024-08-15,HU,0
2024-08-16,HU,0
2024-08-17,HU,0
2024-08-18,HU,0
2024-08-19,HU,0
2024-08-20,HU,0
2024-08-21,HU,0
2024-08-22,HU,0
2024-08-23,HU,0
2024-08-24,HU,0
2024-08-25,HU,0
2024-08-26,HU,0
2024-08-27,HU,0
2024-08-28,HU,0
2024-08-29,HU,0
2024-08-30,HU,0
2024-08-31,HU,0
2024-09-01,HU,0
2024-09-02,HU,0
2024-09-03,HU,0
2024-09-04,HU,0
2024-09-05,HU,0
2024-09-06,HU,0
2024-09-07,HU,0
2024-09-08,HU,0
2024-09-09,HU,0
2024-09-10,HU,0
2024-09-11,HU,0
2024-09-12,HU,0
2024-09-13,HU,0
2024-09-14,HU,0
2024-09-15,HU,0
2024-09-16,HU,0
2024-09-17,HU,0
2024-09-18,HU,0
2024-09-19,HU,0
2024-09-20,HU,0
2024-09-21,HU,0
2024-09-22,HU,0
2024-09-23,HU,44
2024-09-24,HU,0
2024-09-25,HU,0
2024-09-26,HU,0
2024-09-27,HU,0
2024-09-28,HU,0
2024-09-29,HU,0
2024-09-30,HU,0
2024-10-01,HU,0
2024-10-02,HU,0
2024-10-03,HU,0
2024-10-04,HU,0
2024-07-07,ID,0
2024-07-08,ID,0
2024-07-09,ID,0
2024-07-10,ID,0
2024-07-11,ID,0
2024-07-12,ID,0
2024-07-13,ID,0
2024-07-14,ID,0
2024-07-15,ID,10
2024-07-16,ID,0
2024-07-17,ID,0
2024-07-18,ID,0
2024-07-19,ID,12
2024-07-20,ID,0
2024-07-21,ID,0
2024-07-22,ID,0
2024-07-23,ID,0
2024-07-24,ID,43
2024-07-25,ID,15
2024-07-26,ID,0
2024-07-27,ID,0
2024-07-28,ID,0
2024-07-29,ID,0
2024-07-30,ID,0
2024-07-31,ID,10
2024-08-01,ID,0
2024-08-02,ID,0
2024-08-03,ID,12
2024-08-04,ID,0
2024-08-05,ID,0
2024-08-06,ID,0
2024-08-07,ID,0
2024-08-08,ID,0
2024-08-09,ID,0
2024-08-10,ID,0
2024-08-11,ID,0
2024-08-12,ID,0
2024-08-13,ID,0
2024-08-14,ID,0
2024-08-15,ID,0
2024-08-16,ID,0
2024-08-17,ID,0
2024-08-18,ID,0
2024-08-19,ID,0
2024-08-20,ID,0
2024-08-21,ID,0
2024-08-22,ID,0
2024-08-23,ID,0
2024-08-24,ID,0
2024-08-25,ID,23
2024-08-26,ID,0
2024-08-27,ID,0
2024-08-28,ID,0
2024-08-29,ID,0
2024-08-30,ID,0
2024-08-31,ID,0
2024-09-01,ID,0
2024-09-02,ID,0
2024-09-03,ID,0
2024-09-04,ID,0
2024-09-05,ID,0
2024-09-06,ID,0
2024-09-07,ID,0
2024-09-08,ID,0
2024-09-09,ID,0
2024-09-10,ID,0
2024-09-11,ID,10
2024-09-12,ID,0
2024-09-13,ID,0
2024-09-14,ID,0
2024-09-15,ID,0
2024-09-16,ID,0
2024-09-17,ID,0
2024-09-18,ID,0
2024-09-19,ID,0
2024-09-20,ID,0
2024-09-21,ID,0
2024-09-22,ID,0
2024-09-23,ID,0
2024-09-24,ID,15
2024-09-25,ID,0
2024-09-26,ID,0
2024-09-27,ID,0
2024-09-28,ID,0
2024-09-29,ID,0
2024-09-30,ID,0
2024-10-01,ID,0
2024-10-02,ID,0
2024-10-03,ID,0
2024-10-04,ID,0
2024-07-07,IE,0
2024-07-08,IE,0
2024-07-09,IE,0
2024-07-10,IE,0
2024-07-11,IE,0
2024-07-12,IE,0
2024-07-13,IE,0
2024-07-14,IE,0
2024-07-15,IE,0
2024-07-16,IE,0
2024-07-17,IE,0
2024-07-18,IE,0
2024-07-19,IE,0
2024-07-20,IE,0
2024-07-21,IE,0
2024-07-22,IE,0
2024-07-23,IE,0
2024-07-24,IE,0
2024-07-25,IE,0
2024-07-26,IE,0
2024-07-27,IE,0
2024-07-28,IE,0
2024-07-29,IE,0
2024-07-30,IE,0
2024-07-31,IE,0
2024-08-01,IE,0
2024-08-02,IE,0
2024-08-03,IE,0
2024-08-04,IE,0
2024-08-05,IE,0
2024-08-06,IE,0
2024-08-07,IE,0
2024-08-08,IE,0
2024-08-09,IE,0
2024-08-10,IE,0
2024-08-11,IE,0
2024-08-12,IE,0
2024-08-13,IE,0
2024-08-14,IE,0
2024-08-15,IE,0
2024-08-16,IE,0
2024-08-17,IE,0
2024-08-18,IE,0
2024-08-19,IE,0
2024-08-20,IE,0
2024-08-21,IE,0
2024-08-22,IE,0
2024-08-23,IE,0
2024-08-24,IE,0
2024-08-25,IE,0
2024-08-26,IE,0
2024-08-27,IE,0
2024-08-28,IE,0
2024-08-29,IE,0
2024-08-30,IE,0
2024-08-31,IE,0
2024-09-01,IE,0
2024-09-02,IE,0
2024-09-03,IE,0
2024-09-04,IE,0
2024-09-05,IE,0
2024-09-06,IE,0
2024-09-07,IE,0
2024-09-08,IE,0
2024-09-09,IE,0
2024-09-10,IE,0
2024-09-11,IE,0
2024-09-12,IE,0
2024-09-13,IE,0
2024-09-14,IE,0
2024-09-15,IE,0
2024-09-16,IE,0
2024-09-17,IE,0
2024-09-18,IE,0
2024-09-19,IE,0
2024-09-20,IE,0
2024-09-21,IE,0
2024-09-22,IE,0
2024-09-23,IE,0
2024-09-24,IE,0
2024-09-25,IE,0
2024-09-26,IE,0
2024-09-27,IE,0
2024-09-28,IE,0
2024-09-29,IE,0
2024-09-30,IE,0
2024-10-01,IE,0
2024-10-02,IE,0
2024-10-03,IE,0
2024-10-04,IE,0
2024-07-07,IL,0
2024-07-08,IL,0
2024-07-09,IL,0
2024-07-10,IL,0
2024-07-11,IL,0
2024-07-12,IL,0
2024-07-13,IL,0
2024-07-14,IL,0
2024-07-15,IL,0
2024-07-16,IL,0
2024-07-17,IL,0
2024-07-18,IL,0
2024-07-19,IL,0
2024-07-20,IL,0
2024-07-21,IL,0
2024-07-22,IL,0
2024-07-23,IL,0
2024-07-24,IL,0
2024-07-25,IL,0
2024-07-26,IL,0
2024-07-27,IL,0
2024-07-28,IL,0
2024-07-29,IL,0
2024-07-30,IL,0
2024-07-31,IL,0
2024-08-01,IL,0
2024-08-02,IL,0
2024-08-03,IL,0
2024-08-04,IL,0
2024-08-05,IL,0
2024-08-06,IL,0
2024-08-07,IL,0
2024-08-08,IL,0
2024-08-09,IL,0
2024-08-10,IL,0
2024-08-11,IL,0
2024-08-12,IL,0
2024-08-13,IL,0
2024-08-14,IL,0
2024-08-15,IL,0
2024-08-16,IL,0
2024-08-17,IL,0
2024-08-18,IL,0
2024-08-19,IL,0
2024-08-20,IL,0
2024-08-21,IL,0
2024-08-22,IL,0
2024-08-23,IL,0
2024-08-24,IL,0
2024-08-25,IL,0
2024-08-26,IL,0
2024-08-27,IL,0
2024-08-28,IL,0
2024-08-29,IL,0
2024-08-30,IL,0
2024-08-31,IL,0
2024-09-01,IL,0
2024-09-02,IL,0
2024-09-03,IL,0
2024-09-04,IL,0
2024-09-05,IL,0
2024-09-06,IL,0
2024-09-07,IL,0
2024-09-08,IL,0
2024-09-09,IL,0
2024-09-10,IL,0
2024-09-11,IL,0
2024-09-12,IL,0
2024-09-13,IL,0
2024-09-14,IL,0
2024-09-15,IL,0
2024-09-16,IL,0
2024-09-17,IL,0
2024-09-18,IL,0
2024-09-19,IL,0
2024-09-20,IL,0
2024-09-21,IL,0
2024-09-22,IL,0
2024-09-23,IL,10
2024-09-24,IL,0
2024-09-25,IL,0
2024-09-26,IL,0
2024-09-27,IL,0
2024-09-28,IL,0
2024-09-29,IL,0
2024-09-30,IL,0
2024-10-01,IL,0
2024-10-02,IL,0
2024-10-03,IL,0
2024-10-04,IL,0
2024-07-07,IN,31
2024-07-08,IN,33
2024-07-09,IN,25
2024-07-10,IN,33
2024-07-11,IN,64
2024-07-12,IN,34
2024-07-13,IN,65
2024-07-14,IN,15
2024-07-15,IN,17
2024-07-16,IN,32
2024-07-17,IN,33
2024-07-18,IN,12
2024-07-19,IN,43
2024-07-20,IN,32
2024-07-21,IN,15
2024-07-22,IN,13
2024-07-23,IN,15
2024-07-24,IN,0
2024-07-25,IN,43
2024-07-26,IN,19
2024-07-27,IN,26
2024-07-28,IN,21
2024-07-29,IN,45
2024-07-30,IN,17
2024-07-31,IN,41
2024-08-01,IN,44
2024-08-02,IN,24
2024-08-03,IN,50
2024-08-04,IN,16
2024-08-05,IN,0
2024-08-06,IN,34
2024-08-07,IN,0
2024-08-08,IN,0
2024-08-09,IN,23
2024-08-10,IN,10
2024-08-11,IN,11
2024-08-12,IN,14
2024-08-13,IN,39
2024-08-14,IN,33
2024-08-15,IN,22
2024-08-16,IN,11
2024-08-17,IN,0
2024-08-18,IN,22
2024-08-19,IN,11
2024-08-20,IN,0
2024-08-21,IN,0
2024-08-22,IN,30
2024-08-23,IN,28
2024-08-24,IN,26
2024-08-25,IN,21
2024-08-26,IN,0
2024-08-27,IN,10
2024-08-28,IN,0
2024-08-29,IN,20
2024-08-30,IN,13
2024-08-31,IN,0
2024-09-01,IN,0
2024-09-02,IN,0
2024-09-03,IN,24
2024-09-04,IN,22
2024-09-05,IN,12
2024-09-06,IN,0
2024-09-07,IN,0
2024-09-08,IN,0
2024-09-09,IN,0
2024-09-10,IN,0
2024-09-11,IN,0
2024-09-12,IN,0
2024-09-13,IN,0
2024-09-14,IN,0
2024-09-15,IN,0
2024-09-16,IN,20
2024-09-17,IN,0
2024-09-18,IN,0
2024-09-19,IN,24
2024-09-20,IN,0
2024-09-21,IN,0
2024-09-22,IN,0
2024-09-23,IN,0
2024-09-24,IN,13
2024-09-25,IN,0
2024-09-26,IN,0
2024-09-27,IN,21
2024-09-28,IN,0
2024-09-29,IN,0
2024-09-30,IN,0
2024-10-01,IN,0
2024-10-02,IN,0
2024-10-03,IN,0
2024-10-04,IN,11
2024-07-07,IQ,0
2024-07-08,IQ,0
2024-07-09,IQ,0
2024-07-10,IQ,0
2024-07-11,IQ,0
2024-07-12,IQ,0
2024-07-13,IQ,0
2024-07-14,IQ,0
2024-07-15,IQ,0
2024-07-16,IQ,0
2024-07-17,IQ,0
2024-07-18,IQ,0
2024-07-19,IQ,0
2024-07-20,IQ,0
2024-07-21,IQ,0
2024-07-22,IQ,0
2024-07-23,IQ,0
2024-07-24,IQ,0
2024-07-25,IQ,0
2024-07-26,IQ,0
2024-07-27,IQ,0
2024-07-28,IQ,0
2024-07-29,IQ,0
2024-07-30,IQ,0
2024-07-31,IQ,0
2024-08-01,IQ,0
2024-08-02,IQ,0
2024-08-03,IQ,0
2024-08-04,IQ,0
2024-08-05,IQ,0
2024-08-06,IQ,0
2024-08-07,IQ,0
2024-08-08,IQ,0
2024-08-09,IQ,0
2024-08-10,IQ,0
2024-08-11,IQ,0
2024-08-12,IQ,0
2024-08-13,IQ,0
2024-08-14,IQ,0
2024-08-15,IQ,0
2024-08-16,IQ,0
2024-08-17,IQ,0
2024-08-18,IQ,0
2024-08-19,IQ,0
2024-08-20,IQ,0
2024-08-21,IQ,0
2024-08-22,IQ,0
2024-08-23,IQ,0
2024-08-24,IQ,0
2024-08-25,IQ,0
2024-08-26,IQ,0
2024-08-27,IQ,0
2024-08-28,IQ,0
2024-08-29,IQ,0
2024-08-30,IQ,0
2024-08-31,IQ,0
2024-09-01,IQ,0
2024-09-02,IQ,0
2024-09-03,IQ,0
2024-09-04,IQ,0
2024-09-05,IQ,0
2024-09-06,IQ,0
2024-09-07,IQ,0
2024-09-08,IQ,0
2024-09-09,IQ,0
2024-09-10,IQ,0
2024-09-11,IQ,0
2024-09-12,IQ,0
2024-09-13,IQ,0
2024-09-14,IQ,0
2024-09-15,IQ,0
2024-09-16,IQ,0
2024-09-17,IQ,0
2024-09-18,IQ,0
2024-09-19,IQ,0
2024-09-20,IQ,0
2024-09-21,IQ,0
2024-09-22,IQ,0
2024-09-23,IQ,0
2024-09-24,IQ,0
2024-09-25,IQ,0
2024-09-26,IQ,0
2024-09-27,IQ,0
2024-09-28,IQ,0
2024-09-29,IQ,0
2024-09-30,IQ,0
2024-10-01,IQ,0
2024-10-02,IQ,0
2024-10-03,IQ,0
2024-10-04,IQ,0
2024-07-07,IT,0
2024-07-08,IT,0
2024-07-09,IT,0
2024-07-10,IT,0
2024-07-11,IT,0
2024-07-12,IT,0
2024-07-13,IT,0
2024-07-14,IT,0
2024-07-15,IT,0
2024-07-16,IT,0
2024-07-17,IT,0
2024-07-18,IT,0
2024-07-19,IT,0
2024-07-20,IT,0
2024-07-21,IT,0
2024-07-22,IT,0
2024-07-23,IT,0
2024-07-24,IT,0
2024-07-25,IT,0
2024-07-26,IT,0
2024-07-27,IT,0
2024-07-28,IT,0
2024-07-29,IT,0
2024-07-30,IT,0
2024-07-31,IT,0
2024-08-01,IT,0
2024-08-02,IT,0
2024-08-03,IT,0
2024-08-04,IT,0
2024-08-05,IT,0
2024-08-06,IT,0
2024-08-07,IT,0
2024-08-08,IT,0
2024-08-09,IT,0
2024-08-10,IT,0
2024-08-11,IT,0
2024-08-12,IT,0
2024-08-13,IT,0
2024-08-14,IT,0
2024-08-15,IT,0
2024-08-16,IT,0
2024-08-17,IT,0
2024-08-18,IT,0
2024-08-19,IT,0
2024-08-20,IT,0
2024-08-21,IT,0
2024-08-22,IT,0
2024-08-23,IT,0
2024-08-24,IT,0
2024-08-25,IT,0
2024-08-26,IT,0
2024-08-27,IT,0
2024-08-28,IT,0
2024-08-29,IT,0
2024-08-30,IT,0
2024-08-31,IT,0
2024-09-01,IT,0
2024-09-02,IT,0
2024-09-03,IT,0
2024-09-04,IT,0
2024-09-05,IT,0
2024-09-06,IT,0
2024-09-07,IT,0
2024-09-08,IT,0
2024-09-09,IT,0
2024-09-10,IT,0
2024-09-11,IT,0
2024-09-12,IT,0
2024-09-13,IT,0
2024-09-14,IT,0
2024-09-15,IT,0
2024-09-16,IT,0
2024-09-17,IT,0
2024-09-18,IT,0
2024-09-19,IT,0
2024-09-20,IT,0
2024-09-21,IT,0
2024-09-22,IT,0
2024-09-23,IT,17
2024-09-24,IT,0
2024-09-25,IT,0
2024-09-26,IT,0
2024-09-27,IT,0
2024-09-28,IT,0
2024-09-29,IT,0
2024-09-30,IT,0
2024-10-01,IT,0
2024-10-02,IT,0
2024-10-03,IT,0
2024-10-04,IT,0
2024-07-07,JO,0
2024-07-08,JO,0
2024-07-09,JO,104
2024-07-10,JO,89
2024-07-11,JO,14
2024-07-12,JO,0
2024-07-13,JO,0
2024-07-14,JO,0
2024-07-15,JO,0
2024-07-16,JO,0
2024-07-17,JO,0
2024-07-18,JO,36
2024-07-19,JO,51
2024-07-20,JO,36
2024-07-21,JO,100
2024-07-22,JO,0
2024-07-23,JO,12
2024-07-24,JO,0
2024-07-25,JO,0
2024-07-26,JO,13
2024-07-27,JO,63
2024-07-28,JO,17
2024-07-29,JO,13
2024-07-30,JO,28
2024-07-31,JO,31
2024-08-01,JO,16
2024-08-02,JO,52
2024-08-03,JO,17
2024-08-04,JO,30
2024-08-05,JO,12
2024-08-06,JO,0
2024-08-07,JO,0
2024-08-08,JO,0
2024-08-09,JO,0
2024-08-10,JO,0
2024-08-11,JO,0
2024-08-12,JO,0
2024-08-13,JO,0
2024-08-14,JO,0
2024-08-15,JO,0
2024-08-16,JO,0
2024-08-17,JO,0
2024-08-18,JO,0
2024-08-19,JO,0
2024-08-20,JO,0
2024-08-21,JO,0
2024-08-22,JO,0
2024-08-23,JO,0
2024-08-24,JO,0
2024-08-25,JO,0
2024-08-26,JO,0
2024-08-27,JO,0
2024-08-28,JO,0
2024-08-29,JO,0
2024-08-30,JO,0
2024-08-31,JO,0
2024-09-01,JO,0
2024-09-02,JO,0
2024-09-03,JO,0
2024-09-04,JO,0
2024-09-05,JO,0
2024-09-06,JO,0
2024-09-07,JO,0
2024-09-08,JO,0
2024-09-09,JO,0
2024-09-10,JO,0
2024-09-11,JO,0
2024-09-12,JO,0
2024-09-13,JO,0
2024-09-14,JO,0
2024-09-15,JO,0
2024-09-16,JO,0
2024-09-17,JO,0
2024-09-18,JO,0
2024-09-19,JO,0
2024-09-20,JO,0
2024-09-21,JO,0
2024-09-22,JO,0
2024-09-23,JO,0
2024-09-24,JO,0
2024-09-25,JO,0
2024-09-26,JO,0
2024-09-27,JO,0
2024-09-28,JO,0
2024-09-29,JO,0
2024-09-30,JO,0
2024-10-01,JO,0
2024-10-02,JO,0
2024-10-03,JO,0
2024-10-04,JO,0
2024-07-07,JP,0
2024-07-08,JP,0
2024-07-09,JP,0
2024-07-10,JP,0
2024-07-11,JP,0
2024-07-12,JP,0
2024-07-13,JP,0
2024-07-14,JP,0
2024-07-15,JP,0
2024-07-16,JP,0
2024-07-17,JP,0
2024-07-18,JP,0
2024-07-19,JP,0
2024-07-20,JP,0
2024-07-21,JP,0
2024-07-22,JP,0
2024-07-23,JP,0
2024-07-24,JP,0
2024-07-25,JP,0
2024-07-26,JP,0
2024-07-27,JP,0
2024-07-28,JP,0
2024-07-29,JP,0
2024-07-30,JP,0
2024-07-31,JP,0
2024-08-01,JP,17
2024-08-02,JP,0
2024-08-03,JP,0
2024-08-04,JP,0
2024-08-05,JP,0
2024-08-06,JP,0
2024-08-07,JP,10
2024-08-08,JP,0
2024-08-09,JP,0
2024-08-10,JP,0
2024-08-11,JP,0
2024-08-12,JP,0
2024-08-13,JP,0
2024-08-14,JP,0
2024-08-15,JP,0
2024-08-16,JP,0
2024-08-17,JP,0
2024-08-18,JP,0
2024-08-19,JP,0
2024-08-20,JP,0
2024-08-21,JP,0
2024-08-22,JP,0
2024-08-23,JP,0
2024-08-24,JP,0
2024-08-25,JP,0
2024-08-26,JP,0
2024-08-27,JP,0
2024-08-28,JP,0
2024-08-29,JP,0
2024-08-30,JP,0
2024-08-31,JP,0
2024-09-01,JP,0
2024-09-02,JP,0
2024-09-03,JP,0
2024-09-04,JP,0
2024-09-05,JP,0
2024-09-06,JP,0
2024-09-07,JP,0
2024-09-08,JP,0
2024-09-09,JP,0
2024-09-10,JP,0
2024-09-11,JP,0
2024-09-12,JP,0
2024-09-13,JP,0
2024-09-14,JP,0
2024-09-15,JP,0
2024-09-16,JP,14
2024-09-17,JP,0
2024-09-18,JP,0
2024-09-19,JP,0
2024-09-20,JP,0
2024-09-21,JP,0
2024-09-22,JP,0
2024-09-23,JP,0
2024-09-24,JP,0
2024-09-25,JP,0
2024-09-26,JP,0
2024-09-27,JP,0
2024-09-28,JP,0
2024-09-29,JP,0
2024-09-30,JP,0
2024-10-01,JP,0
2024-10-02,JP,0
2024-10-03,JP,0
2024-10-04,JP,0
2024-07-07,KH,0
2024-07-08,KH,0
2024-07-09,KH,0
2024-07-10,KH,0
2024-07-11,KH,13
2024-07-12,KH,18
2024-07-13,KH,0
2024-07-14,KH,0
2024-07-15,KH,0
2024-07-16,KH,0
2024-07-17,KH,0
2024-07-18,KH,0
2024-07-19,KH,0
2024-07-20,KH,0
2024-07-21,KH,0
2024-07-22,KH,0
2024-07-23,KH,0
2024-07-24,KH,0
2024-07-25,KH,0
2024-07-26,KH,0
2024-07-27,KH,0
2024-07-28,KH,0
2024-07-29,KH,0
2024-07-30,KH,0
2024-07-31,KH,0
2024-08-01,KH,0
2024-08-02,KH,0
2024-08-03,KH,0
2024-08-04,KH,0
2024-08-05,KH,0
2024-08-06,KH,0
2024-08-07,KH,0
2024-08-08,KH,0
2024-08-09,KH,0
2024-08-10,KH,0
2024-08-11,KH,0
2024-08-12,KH,0
2024-08-13,KH,0
2024-08-14,KH,0
2024-08-15,KH,0
2024-08-16,KH,0
2024-08-17,KH,0
2024-08-18,KH,0
2024-08-19,KH,0
2024-08-20,KH,0
2024-08-21,KH,26
2024-08-22,KH,0
2024-08-23,KH,0
2024-08-24,KH,0
2024-08-25,KH,0
2024-08-26,KH,0
2024-08-27,KH,0
2024-08-28,KH,0
2024-08-29,KH,0
2024-08-30,KH,0
2024-08-31,KH,0
2024-09-01,KH,0
2024-09-02,KH,0
2024-09-03,KH,0
2024-09-04,KH,0
2024-09-05,KH,0
2024-09-06,KH,0
2024-09-07,KH,0
2024-09-08,KH,0
2024-09-09,KH,0
2024-09-10,KH,0
2024-09-11,KH,0
2024-09-12,KH,0
2024-09-13,KH,0
2024-09-14,KH,0
2024-09-15,KH,0
2024-09-16,KH,0
2024-09-17,KH,0
2024-09-18,KH,0
2024-09-19,KH,0
2024-09-20,KH,0
2024-09-21,KH,0
2024-09-22,KH,0
2024-09-23,KH,0
2024-09-24,KH,0
2024-09-25,KH,0
2024-09-26,KH,0
2024-09-27,KH,0
2024-09-28,KH,0
2024-09-29,KH,0
2024-09-30,KH,0
2024-10-01,KH,0
2024-10-02,KH,0
2024-10-03,KH,0
2024-10-04,KH,0
2024-07-07,KR,0
2024-07-08,KR,0
2024-07-09,KR,0
2024-07-10,KR,0
2024-07-11,KR,0
2024-07-12,KR,0
2024-07-13,KR,0
2024-07-14,KR,0
2024-07-15,KR,0
2024-07-16,KR,0
2024-07-17,KR,0
2024-07-18,KR,0
2024-07-19,KR,0
2024-07-20,KR,0
2024-07-21,KR,0
2024-07-22,KR,0
2024-07-23,KR,0
2024-07-24,KR,0
2024-07-25,KR,0
2024-07-26,KR,0
2024-07-27,KR,0
2024-07-28,KR,0
2024-07-29,KR,0
2024-07-30,KR,0
2024-07-31,KR,0
2024-08-01,KR,0
2024-08-02,KR,0
2024-08-03,KR,0
2024-08-04,KR,0
2024-08-05,KR,0
2024-08-06,KR,0
2024-08-07,KR,0
2024-08-08,KR,0
2024-08-09,KR,0
2024-08-10,KR,0
2024-08-11,KR,0
2024-08-12,KR,0
2024-08-13,KR,0
2024-08-14,KR,0
2024-08-15,KR,0
2024-08-16,KR,0
2024-08-17,KR,0
2024-08-18,KR,0
2024-08-19,KR,0
2024-08-20,KR,0
2024-08-21,KR,0
2024-08-22,KR,0
2024-08-23,KR,0
2024-08-24,KR,0
2024-08-25,KR,0
2024-08-26,KR,0
2024-08-27,KR,0
2024-08-28,KR,0
2024-08-29,KR,0
2024-08-30,KR,0
2024-08-31,KR,0
2024-09-01,KR,0
2024-09-02,KR,0
2024-09-03,KR,0
2024-09-04,KR,0
2024-09-05,KR,0
2024-09-06,KR,10
2024-09-07,KR,0
2024-09-08,KR,0
2024-09-09,KR,0
2024-09-10,KR,11
2024-09-11,KR,19
2024-09-12,KR,0
2024-09-13,KR,0
2024-09-14,KR,0
2024-09-15,KR,0
2024-09-16,KR,0
2024-09-17,KR,0
2024-09-18,KR,0
2024-09-19,KR,0
2024-09-20,KR,0
2024-09-21,KR,0
2024-09-22,KR,0
2024-09-23,KR,0
2024-09-24,KR,0
2024-09-25,KR,0
2024-09-26,KR,0
2024-09-27,KR,0
2024-09-28,KR,0
2024-09-29,KR,0
2024-09-30,KR,0
2024-10-01,KR,0
2024-10-02,KR,0
2024-10-03,KR,0
2024-10-04,KR,0
2024-07-07,KZ,0
2024-07-08,KZ,0
2024-07-09,KZ,0
2024-07-10,KZ,0
2024-07-11,KZ,0
2024-07-12,KZ,0
2024-07-13,KZ,0
2024-07-14,KZ,0
2024-07-15,KZ,0
2024-07-16,KZ,0
2024-07-17,KZ,0
2024-07-18,KZ,0
2024-07-19,KZ,0
2024-07-20,KZ,0
2024-07-21,KZ,0
2024-07-22,KZ,0
2024-07-23,KZ,0
2024-07-24,KZ,0
2024-07-25,KZ,0
2024-07-26,KZ,0
2024-07-27,KZ,0
2024-07-28,KZ,0
2024-07-29,KZ,0
2024-07-30,KZ,0
2024-07-31,KZ,0
2024-08-01,KZ,0
2024-08-02,KZ,0
2024-08-03,KZ,0
2024-08-04,KZ,0
2024-08-05,KZ,0
2024-08-06,KZ,0
2024-08-07,KZ,0
2024-08-08,KZ,0
2024-08-09,KZ,0
2024-08-10,KZ,0
2024-08-11,KZ,0
2024-08-12,KZ,0
2024-08-13,KZ,0
2024-08-14,KZ,0
2024-08-15,KZ,0
2024-08-16,KZ,0
2024-08-17,KZ,0
2024-08-18,KZ,0
2024-08-19,KZ,0
2024-08-20,KZ,16
2024-08-21,KZ,0
2024-08-22,KZ,0
2024-08-23,KZ,0
2024-08-24,KZ,0
2024-08-25,KZ,0
2024-08-26,KZ,0
2024-08-27,KZ,0
2024-08-28,KZ,0
2024-08-29,KZ,0
2024-08-30,KZ,0
2024-08-31,KZ,0
2024-09-01,KZ,0
2024-09-02,KZ,0
2024-09-03,KZ,0
2024-09-04,KZ,0
2024-09-05,KZ,0
2024-09-06,KZ,0
2024-09-07,KZ,0
2024-09-08,KZ,23
2024-09-09,KZ,20
2024-09-10,KZ,0
2024-09-11,KZ,21
2024-09-12,KZ,13
2024-09-13,KZ,0
2024-09-14,KZ,0
2024-09-15,KZ,0
2024-09-16,KZ,0
2024-09-17,KZ,0
2024-09-18,KZ,0
2024-09-19,KZ,0
2024-09-20,KZ,0
2024-09-21,KZ,0
2024-09-22,KZ,0
2024-09-23,KZ,10
2024-09-24,KZ,0
2024-09-25,KZ,0
2024-09-26,KZ,0
2024-09-27,KZ,0
2024-09-28,KZ,0
2024-09-29,KZ,0
2024-09-30,KZ,0
2024-10-01,KZ,0
2024-10-02,KZ,0
2024-10-03,KZ,0
2024-10-04,KZ,0
2024-07-07,LT,0
2024-07-08,LT,0
2024-07-09,LT,0
2024-07-10,LT,0
2024-07-11,LT,0
2024-07-12,LT,0
2024-07-13,LT,0
2024-07-14,LT,0
2024-07-15,LT,0
2024-07-16,LT,0
2024-07-17,LT,0
2024-07-18,LT,0
2024-07-19,LT,0
2024-07-20,LT,0
2024-07-21,LT,0
2024-07-22,LT,0
2024-07-23,LT,0
2024-07-24,LT,0
2024-07-25,LT,0
2024-07-26,LT,0
2024-07-27,LT,0
2024-07-28,LT,0
2024-07-29,LT,0
2024-07-30,LT,0
2024-07-31,LT,0
2024-08-01,LT,0
2024-08-02,LT,0
2024-08-03,LT,0
2024-08-04,LT,0
2024-08-05,LT,0
2024-08-06,LT,0
2024-08-07,LT,0
2024-08-08,LT,0
2024-08-09,LT,0
2024-08-10,LT,0
2024-08-11,LT,0
2024-08-12,LT,0
2024-08-13,LT,0
2024-08-14,LT,0
2024-08-15,LT,0
2024-08-16,LT,0
2024-08-17,LT,0
2024-08-18,LT,0
2024-08-19,LT,0
2024-08-20,LT,0
2024-08-21,LT,0
2024-08-22,LT,0
2024-08-23,LT,0
2024-08-24,LT,0
2024-08-25,LT,0
2024-08-26,LT,0
2024-08-27,LT,0
2024-08-28,LT,0
2024-08-29,LT,0
2024-08-30,LT,0
2024-08-31,LT,0
2024-09-01,LT,0
2024-09-02,LT,0
2024-09-03,LT,0
2024-09-04,LT,0
2024-09-05,LT,0
2024-09-06,LT,0
2024-09-07,LT,0
2024-09-08,LT,0
2024-09-09,LT,0
2024-09-10,LT,0
2024-09-11,LT,0
2024-09-12,LT,0
2024-09-13,LT,0
2024-09-14,LT,0
2024-09-15,LT,0
2024-09-16,LT,0
2024-09-17,LT,0
2024-09-18,LT,0
2024-09-19,LT,0
2024-09-20,LT,0
2024-09-21,LT,0
2024-09-22,LT,0
2024-09-23,LT,0
2024-09-24,LT,0
2024-09-25,LT,0
2024-09-26,LT,0
2024-09-27,LT,0
2024-09-28,LT,0
2024-09-29,LT,0
2024-09-30,LT,0
2024-10-01,LT,0
2024-10-02,LT,0
2024-10-03,LT,0
2024-10-04,LT,0
2024-07-07,MX,0
2024-07-08,MX,0
2024-07-09,MX,0
2024-07-10,MX,0
2024-07-11,MX,0
2024-07-12,MX,0
2024-07-13,MX,0
2024-07-14,MX,0
2024-07-15,MX,0
2024-07-16,MX,0
2024-07-17,MX,0
2024-07-18,MX,0
2024-07-19,MX,0
2024-07-20,MX,0
2024-07-21,MX,0
2024-07-22,MX,0
2024-07-23,MX,0
2024-07-24,MX,0
2024-07-25,MX,0
2024-07-26,MX,0
2024-07-27,MX,0
2024-07-28,MX,0
2024-07-29,MX,0
2024-07-30,MX,0
2024-07-31,MX,0
2024-08-01,MX,0
2024-08-02,MX,0
2024-08-03,MX,0
2024-08-04,MX,0
2024-08-05,MX,0
2024-08-06,MX,0
2024-08-07,MX,10
2024-08-08,MX,0
2024-08-09,MX,0
2024-08-10,MX,0
2024-08-11,MX,0
2024-08-12,MX,0
2024-08-13,MX,0
2024-08-14,MX,0
2024-08-15,MX,0
2024-08-16,MX,0
2024-08-17,MX,0
2024-08-18,MX,0
2024-08-19,MX,0
2024-08-20,MX,0
2024-08-21,MX,0
2024-08-22,MX,0
2024-08-23,MX,0
2024-08-24,MX,0
2024-08-25,MX,0
2024-08-26,MX,0
2024-08-27,MX,0
2024-08-28,MX,0
2024-08-29,MX,0
2024-08-30,MX,0
2024-08-31,MX,0
2024-09-01,MX,0
2024-09-02,MX,0
2024-09-03,MX,0
2024-09-04,MX,0
2024-09-05,MX,0
2024-09-06,MX,0
2024-09-07,MX,0
2024-09-08,MX,0
2024-09-09,MX,0
2024-09-10,MX,0
2024-09-11,MX,0
2024-09-12,MX,0
2024-09-13,MX,0
2024-09-14,MX,0
2024-09-15,MX,0
2024-09-16,MX,0
2024-09-17,MX,0
2024-09-18,MX,0
2024-09-19,MX,0
2024-09-20,MX,0
2024-09-21,MX,0
2024-09-22,MX,0
2024-09-23,MX,0
2024-09-24,MX,0
2024-09-25,MX,0
2024-09-26,MX,0
2024-09-27,MX,0
2024-09-28,MX,0
2024-09-29,MX,0
2024-09-30,MX,0
2024-10-01,MX,0
2024-10-02,MX,0
2024-10-03,MX,0
2024-10-04,MX,0
2024-07-07,MY,0
2024-07-08,MY,0
2024-07-09,MY,0
2024-07-10,MY,0
2024-07-11,MY,0
2024-07-12,MY,0
2024-07-13,MY,11
2024-07-14,MY,0
2024-07-15,MY,0
2024-07-16,MY,0
2024-07-17,MY,0
2024-07-18,MY,0
2024-07-19,MY,0
2024-07-20,MY,0
2024-07-21,MY,0
2024-07-22,MY,0
2024-07-23,MY,0
2024-07-24,MY,0
2024-07-25,MY,0
2024-07-26,MY,0
2024-07-27,MY,0
2024-07-28,MY,0
2024-07-29,MY,0
2024-07-30,MY,0
2024-07-31,MY,0
2024-08-01,MY,0
2024-08-02,MY,0
2024-08-03,MY,0
2024-08-04,MY,0
2024-08-05,MY,0
2024-08-06,MY,0
2024-08-07,MY,0
2024-08-08,MY,12
2024-08-09,MY,0
2024-08-10,MY,0
2024-08-11,MY,0
2024-08-12,MY,22
2024-08-13,MY,0
2024-08-14,MY,0
2024-08-15,MY,0
2024-08-16,MY,0
2024-08-17,MY,20
2024-08-18,MY,0
2024-08-19,MY,10
2024-08-20,MY,0
2024-08-21,MY,0
2024-08-22,MY,14
2024-08-23,MY,0
2024-08-24,MY,0
2024-08-25,MY,32
2024-08-26,MY,12
2024-08-27,MY,0
2024-08-28,MY,0
2024-08-29,MY,0
2024-08-30,MY,0
2024-08-31,MY,0
2024-09-01,MY,0
2024-09-02,MY,0
2024-09-03,MY,0
2024-09-04,MY,0
2024-09-05,MY,0
2024-09-06,MY,0
2024-09-07,MY,0
2024-09-08,MY,0
2024-09-09,MY,0
2024-09-10,MY,0
2024-09-11,MY,0
2024-09-12,MY,0
2024-09-13,MY,10
2024-09-14,MY,0
2024-09-15,MY,0
2024-09-16,MY,0
2024-09-17,MY,0
2024-09-18,MY,0
2024-09-19,MY,0
2024-09-20,MY,0
2024-09-21,MY,0
2024-09-22,MY,0
2024-09-23,MY,0
2024-09-24,MY,13
2024-09-25,MY,0
2024-09-26,MY,0
2024-09-27,MY,0
2024-09-28,MY,0
2024-09-29,MY,0
2024-09-30,MY,0
2024-10-01,MY,0
2024-10-02,MY,0
2024-10-03,MY,0
2024-10-04,MY,0
2024-07-07,NL,0
2024-07-08,NL,0
2024-07-09,NL,0
2024-07-10,NL,0
2024-07-11,NL,0
2024-07-12,NL,0
2024-07-13,NL,0
2024-07-14,NL,0
2024-07-15,NL,0
2024-07-16,NL,0
2024-07-17,NL,0
2024-07-18,NL,0
2024-07-19,NL,0
2024-07-20,NL,0
2024-07-21,NL,0
2024-07-22,NL,0
2024-07-23,NL,0
2024-07-24,NL,0
2024-07-25,NL,0
2024-07-26,NL,0
2024-07-27,NL,0
2024-07-28,NL,0
2024-07-29,NL,0
2024-07-30,NL,0
2024-07-31,NL,0
2024-08-01,NL,0
2024-08-02,NL,0
2024-08-03,NL,0
2024-08-04,NL,0
2024-08-05,NL,0
2024-08-06,NL,0
2024-08-07,NL,0
2024-08-08,NL,0
2024-08-09,NL,0
2024-08-10,NL,0
2024-08-11,NL,0
2024-08-12,NL,0
2024-08-13,NL,0
2024-08-14,NL,0
2024-08-15,NL,0
2024-08-16,NL,0
2024-08-17,NL,0
2024-08-18,NL,0
2024-08-19,NL,0
2024-08-20,NL,0
2024-08-21,NL,0
2024-08-22,NL,0
2024-08-23,NL,0
2024-08-24,NL,0
2024-08-25,NL,0
2024-08-26,NL,0
2024-08-27,NL,0
2024-08-28,NL,0
2024-08-29,NL,0
2024-08-30,NL,0
2024-08-31,NL,0
2024-09-01,NL,0
2024-09-02,NL,0
2024-09-03,NL,0
2024-09-04,NL,0
2024-09-05,NL,0
2024-09-06,NL,0
2024-09-07,NL,0
2024-09-08,NL,0
2024-09-09,NL,0
2024-09-10,NL,0
2024-09-11,NL,0
2024-09-12,NL,0
2024-09-13,NL,0
2024-09-14,NL,0
2024-09-15,NL,0
2024-09-16,NL,0
2024-09-17,NL,0
2024-09-18,NL,0
2024-09-19,NL,0
2024-09-20,NL,0
2024-09-21,NL,0
2024-09-22,NL,0
2024-09-23,NL,24
2024-09-24,NL,18
2024-09-25,NL,0
2024-09-26,NL,0
2024-09-27,NL,0
2024-09-28,NL,0
2024-09-29,NL,0
2024-09-30,NL,0
2024-10-01,NL,0
2024-10-02,NL,0
2024-10-03,NL,0
2024-10-04,NL,0
2024-07-07,NO,0
2024-07-08,NO,0
2024-07-09,NO,0
2024-07-10,NO,0
2024-07-11,NO,0
2024-07-12,NO,0
2024-07-13,NO,0
2024-07-14,NO,0
2024-07-15,NO,0
2024-07-16,NO,0
2024-07-17,NO,0
2024-07-18,NO,0
2024-07-19,NO,0
2024-07-20,NO,0
2024-07-21,NO,0
2024-07-22,NO,0
2024-07-23,NO,0
2024-07-24,NO,0
2024-07-25,NO,0
2024-07-26,NO,0
2024-07-27,NO,0
2024-07-28,NO,0
2024-07-29,NO,0
2024-07-30,NO,0
2024-07-31,NO,0
2024-08-01,NO,0
2024-08-02,NO,0
2024-08-03,NO,0
2024-08-04,NO,0
2024-08-05,NO,0
2024-08-06,NO,0
2024-08-07,NO,0
2024-08-08,NO,0
2024-08-09,NO,0
2024-08-10,NO,0
2024-08-11,NO,0
2024-08-12,NO,0
2024-08-13,NO,0
2024-08-14,NO,0
2024-08-15,NO,0
2024-08-16,NO,0
2024-08-17,NO,0
2024-08-18,NO,0
2024-08-19,NO,0
2024-08-20,NO,0
2024-08-21,NO,0
2024-08-22,NO,0
2024-08-23,NO,0
2024-08-24,NO,0
2024-08-25,NO,0
2024-08-26,NO,0
2024-08-27,NO,0
2024-08-28,NO,0
2024-08-29,NO,0
2024-08-30,NO,0
2024-08-31,NO,0
2024-09-01,NO,0
2024-09-02,NO,0
2024-09-03,NO,0
2024-09-04,NO,0
2024-09-05,NO,0
2024-09-06,NO,0
2024-09-07,NO,0
2024-09-08,NO,0
2024-09-09,NO,0
2024-09-10,NO,0
2024-09-11,NO,0
2024-09-12,NO,0
2024-09-13,NO,0
2024-09-14,NO,0
2024-09-15,NO,0
2024-09-16,NO,0
2024-09-17,NO,0
2024-09-18,NO,0
2024-09-19,NO,0
2024-09-20,NO,0
2024-09-21,NO,0
2024-09-22,NO,0
2024-09-23,NO,13
2024-09-24,NO,0
2024-09-25,NO,0
2024-09-26,NO,0
2024-09-27,NO,0
2024-09-28,NO,0
2024-09-29,NO,0
2024-09-30,NO,0
2024-10-01,NO,0
2024-10-02,NO,0
2024-10-03,NO,0
2024-10-04,NO,0
2024-07-07,OM,0
2024-07-08,OM,0
2024-07-09,OM,0
2024-07-10,OM,11
2024-07-11,OM,0
2024-07-12,OM,0
2024-07-13,OM,0
2024-07-14,OM,0
2024-07-15,OM,0
2024-07-16,OM,0
2024-07-17,OM,0
2024-07-18,OM,0
2024-07-19,OM,0
2024-07-20,OM,0
2024-07-21,OM,0
2024-07-22,OM,0
2024-07-23,OM,0
2024-07-24,OM,0
2024-07-25,OM,0
2024-07-26,OM,10
2024-07-27,OM,0
2024-07-28,OM,0
2024-07-29,OM,0
2024-07-30,OM,0
2024-07-31,OM,0
2024-08-01,OM,0
2024-08-02,OM,0
2024-08-03,OM,0
2024-08-04,OM,0
2024-08-05,OM,0
2024-08-06,OM,0
2024-08-07,OM,0
2024-08-08,OM,0
2024-08-09,OM,0
2024-08-10,OM,0
2024-08-11,OM,0
2024-08-12,OM,0
2024-08-13,OM,0
2024-08-14,OM,0
2024-08-15,OM,0
2024-08-16,OM,0
2024-08-17,OM,0
2024-08-18,OM,0
2024-08-19,OM,0
2024-08-20,OM,0
2024-08-21,OM,0
2024-08-22,OM,0
2024-08-23,OM,0
2024-08-24,OM,0
2024-08-25,OM,0
2024-08-26,OM,0
2024-08-27,OM,0
2024-08-28,OM,0
2024-08-29,OM,0
2024-08-30,OM,0
2024-08-31,OM,0
2024-09-01,OM,0
2024-09-02,OM,0
2024-09-03,OM,0
2024-09-04,OM,0
2024-09-05,OM,0
2024-09-06,OM,0
2024-09-07,OM,0
2024-09-08,OM,0
2024-09-09,OM,0
2024-09-10,OM,0
2024-09-11,OM,0
2024-09-12,OM,0
2024-09-13,OM,0
2024-09-14,OM,0
2024-09-15,OM,0
2024-09-16,OM,0
2024-09-17,OM,0
2024-09-18,OM,0
2024-09-19,OM,0
2024-09-20,OM,0
2024-09-21,OM,0
2024-09-22,OM,0
2024-09-23,OM,0
2024-09-24,OM,0
2024-09-25,OM,0
2024-09-26,OM,0
2024-09-27,OM,0
2024-09-28,OM,0
2024-09-29,OM,0
2024-09-30,OM,0
2024-10-01,OM,0
2024-10-02,OM,0
2024-10-03,OM,0
2024-10-04,OM,0
2024-07-07,PH,11
2024-07-08,PH,11
2024-07-09,PH,12
2024-07-10,PH,16
2024-07-11,PH,0
2024-07-12,PH,0
2024-07-13,PH,18
2024-07-14,PH,0
2024-07-15,PH,11
2024-07-16,PH,13
2024-07-17,PH,0
2024-07-18,PH,0
2024-07-19,PH,12
2024-07-20,PH,0
2024-07-21,PH,0
2024-07-22,PH,0
2024-07-23,PH,15
2024-07-24,PH,0
2024-07-25,PH,0
2024-07-26,PH,0
2024-07-27,PH,0
2024-07-28,PH,0
2024-07-29,PH,10
2024-07-30,PH,0
2024-07-31,PH,15
2024-08-01,PH,10
2024-08-02,PH,0
2024-08-03,PH,0
2024-08-04,PH,0
2024-08-05,PH,0
2024-08-06,PH,0
2024-08-07,PH,0
2024-08-08,PH,0
2024-08-09,PH,0
2024-08-10,PH,0
2024-08-11,PH,0
2024-08-12,PH,0
2024-08-13,PH,0
2024-08-14,PH,0
2024-08-15,PH,0
2024-08-16,PH,0
2024-08-17,PH,0
2024-08-18,PH,0
2024-08-19,PH,0
2024-08-20,PH,0
2024-08-21,PH,10
2024-08-22,PH,0
2024-08-23,PH,0
2024-08-24,PH,14
2024-08-25,PH,0
2024-08-26,PH,0
2024-08-27,PH,0
2024-08-28,PH,29
2024-08-29,PH,0
2024-08-30,PH,0
2024-08-31,PH,0
2024-09-01,PH,0
2024-09-02,PH,0
2024-09-03,PH,0
2024-09-04,PH,0
2024-09-05,PH,0
2024-09-06,PH,0
2024-09-07,PH,0
2024-09-08,PH,0
2024-09-09,PH,0
2024-09-10,PH,0
2024-09-11,PH,0
2024-09-12,PH,0
2024-09-13,PH,0
2024-09-14,PH,0
2024-09-15,PH,0
2024-09-16,PH,0
2024-09-17,PH,0
2024-09-18,PH,0
2024-09-19,PH,0
2024-09-20,PH,0
2024-09-21,PH,0
2024-09-22,PH,0
2024-09-23,PH,0
2024-09-24,PH,11
2024-09-25,PH,0
2024-09-26,PH,0
2024-09-27,PH,0
2024-09-28,PH,0
2024-09-29,PH,0
2024-09-30,PH,0
2024-10-01,PH,0
2024-10-02,PH,0
2024-10-03,PH,0
2024-10-04,PH,0
2024-07-07,PK,0
2024-07-08,PK,0
2024-07-09,PK,0
2024-07-10,PK,0
2024-07-11,PK,0
2024-07-12,PK,0
2024-07-13,PK,0
2024-07-14,PK,0
2024-07-15,PK,0
2024-07-16,PK,0
2024-07-17,PK,0
2024-07-18,PK,0
2024-07-19,PK,0
2024-07-20,PK,0
2024-07-21,PK,0
2024-07-22,PK,0
2024-07-23,PK,0
2024-07-24,PK,0
2024-07-25,PK,0
2024-07-26,PK,0
2024-07-27,PK,0
2024-07-28,PK,0
2024-07-29,PK,0
2024-07-30,PK,0
2024-07-31,PK,0
2024-08-01,PK,0
2024-08-02,PK,0
2024-08-03,PK,0
2024-08-04,PK,0
2024-08-05,PK,0
2024-08-06,PK,0
2024-08-07,PK,0
2024-08-08,PK,0
2024-08-09,PK,0
2024-08-10,PK,0
2024-08-11,PK,0
2024-08-12,PK,0
2024-08-13,PK,0
2024-08-14,PK,0
2024-08-15,PK,0
2024-08-16,PK,0
2024-08-17,PK,0
2024-08-18,PK,0
2024-08-19,PK,0
2024-08-20,PK,0
2024-08-21,PK,0
2024-08-22,PK,0
2024-08-23,PK,0
2024-08-24,PK,0
2024-08-25,PK,0
2024-08-26,PK,0
2024-08-27,PK,0
2024-08-28,PK,0
2024-08-29,PK,0
2024-08-30,PK,0
2024-08-31,PK,0
2024-09-01,PK,0
2024-09-02,PK,0
2024-09-03,PK,10
2024-09-04,PK,0
2024-09-05,PK,0
2024-09-06,PK,0
2024-09-07,PK,0
2024-09-08,PK,0
2024-09-09,PK,0
2024-09-10,PK,0
2024-09-11,PK,13
2024-09-12,PK,0
2024-09-13,PK,0
2024-09-14,PK,0
2024-09-15,PK,0
2024-09-16,PK,0
2024-09-17,PK,0
2024-09-18,PK,0
2024-09-19,PK,0
2024-09-20,PK,0
2024-09-21,PK,0
2024-09-22,PK,0
2024-09-23,PK,0
2024-09-24,PK,0
2024-09-25,PK,0
2024-09-26,PK,0
2024-09-27,PK,0
2024-09-28,PK,0
2024-09-29,PK,0
2024-09-30,PK,0
2024-10-01,PK,0
2024-10-02,PK,0
2024-10-03,PK,0
2024-10-04,PK,0
2024-07-07,PL,0
2024-07-08,PL,0
2024-07-09,PL,0
2024-07-10,PL,0
2024-07-11,PL,0
2024-07-12,PL,0
2024-07-13,PL,0
2024-07-14,PL,0
2024-07-15,PL,0
2024-07-16,PL,0
2024-07-17,PL,0
2024-07-18,PL,0
2024-07-19,PL,0
2024-07-20,PL,0
2024-07-21,PL,0
2024-07-22,PL,0
2024-07-23,PL,0
2024-07-24,PL,0
2024-07-25,PL,0
2024-07-26,PL,0
2024-07-27,PL,0
2024-07-28,PL,0
2024-07-29,PL,0
2024-07-30,PL,0
2024-07-31,PL,0
2024-08-01,PL,0
2024-08-02,PL,0
2024-08-03,PL,0
2024-08-04,PL,0
2024-08-05,PL,0
2024-08-06,PL,10
2024-08-07,PL,0
2024-08-08,PL,0
2024-08-09,PL,0
2024-08-10,PL,0
2024-08-11,PL,0
2024-08-12,PL,0
2024-08-13,PL,0
2024-08-14,PL,0
2024-08-15,PL,0
2024-08-16,PL,0
2024-08-17,PL,0
2024-08-18,PL,0
2024-08-19,PL,0
2024-08-20,PL,0
2024-08-21,PL,0
2024-08-22,PL,0
2024-08-23,PL,0
2024-08-24,PL,0
2024-08-25,PL,0
2024-08-26,PL,0
2024-08-27,PL,0
2024-08-28,PL,0
2024-08-29,PL,0
2024-08-30,PL,0
2024-08-31,PL,0
2024-09-01,PL,0
2024-09-02,PL,0
2024-09-03,PL,0
2024-09-04,PL,0
2024-09-05,PL,0
2024-09-06,PL,0
2024-09-07,PL,0
2024-09-08,PL,0
2024-09-09,PL,0
2024-09-10,PL,0
2024-09-11,PL,0
2024-09-12,PL,0
2024-09-13,PL,0
2024-09-14,PL,0
2024-09-15,PL,0
2024-09-16,PL,0
2024-09-17,PL,0
2024-09-18,PL,0
2024-09-19,PL,0
2024-09-20,PL,0
2024-09-21,PL,0
2024-09-22,PL,0
2024-09-23,PL,29
2024-09-24,PL,21
2024-09-25,PL,0
2024-09-26,PL,0
2024-09-27,PL,0
2024-09-28,PL,0
2024-09-29,PL,0
2024-09-30,PL,0
2024-10-01,PL,0
2024-10-02,PL,0
2024-10-03,PL,0
2024-10-04,PL,0
2024-07-07,RO,0
2024-07-08,RO,0
2024-07-09,RO,0
2024-07-10,RO,0
2024-07-11,RO,0
2024-07-12,RO,0
2024-07-13,RO,0
2024-07-14,RO,0
2024-07-15,RO,0
2024-07-16,RO,0
2024-07-17,RO,0
2024-07-18,RO,0
2024-07-19,RO,0
2024-07-20,RO,0
2024-07-21,RO,0
2024-07-22,RO,0
2024-07-23,RO,0
2024-07-24,RO,0
2024-07-25,RO,10
2024-07-26,RO,0
2024-07-27,RO,0
2024-07-28,RO,0
2024-07-29,RO,0
2024-07-30,RO,0
2024-07-31,RO,0
2024-08-01,RO,0
2024-08-02,RO,0
2024-08-03,RO,0
2024-08-04,RO,0
2024-08-05,RO,0
2024-08-06,RO,0
2024-08-07,RO,0
2024-08-08,RO,0
2024-08-09,RO,0
2024-08-10,RO,0
2024-08-11,RO,0
2024-08-12,RO,0
2024-08-13,RO,0
2024-08-14,RO,0
2024-08-15,RO,0
2024-08-16,RO,0
2024-08-17,RO,0
2024-08-18,RO,0
2024-08-19,RO,0
2024-08-20,RO,0
2024-08-21,RO,0
2024-08-22,RO,0
2024-08-23,RO,0
2024-08-24,RO,0
2024-08-25,RO,0
2024-08-26,RO,0
2024-08-27,RO,0
2024-08-28,RO,0
2024-08-29,RO,0
2024-08-30,RO,0
2024-08-31,RO,0
2024-09-01,RO,0
2024-09-02,RO,0
2024-09-03,RO,0
2024-09-04,RO,0
2024-09-05,RO,0
2024-09-06,RO,0
2024-09-07,RO,0
2024-09-08,RO,0
2024-09-09,RO,0
2024-09-10,RO,0
2024-09-11,RO,0
2024-09-12,RO,0
2024-09-13,RO,0
2024-09-14,RO,0
2024-09-15,RO,0
2024-09-16,RO,0
2024-09-17,RO,0
2024-09-18,RO,0
2024-09-19,RO,0
2024-09-20,RO,0
2024-09-21,RO,0
2024-09-22,RO,0
2024-09-23,RO,0
2024-09-24,RO,0
2024-09-25,RO,0
2024-09-26,RO,0
2024-09-27,RO,0
2024-09-28,RO,0
2024-09-29,RO,0
2024-09-30,RO,0
2024-10-01,RO,0
2024-10-02,RO,0
2024-10-03,RO,0
2024-10-04,RO,0
2024-07-07,RU,23
2024-07-08,RU,18
2024-07-09,RU,11
2024-07-10,RU,14
2024-07-11,RU,0
2024-07-12,RU,0
2024-07-13,RU,13
2024-07-14,RU,0
2024-07-15,RU,14
2024-07-16,RU,0
2024-07-17,RU,12
2024-07-18,RU,0
2024-07-19,RU,0
2024-07-20,RU,0
2024-07-21,RU,0
2024-07-22,RU,12
2024-07-23,RU,0
2024-07-24,RU,0
2024-07-25,RU,0
2024-07-26,RU,0
2024-07-27,RU,0
2024-07-28,RU,10
2024-07-29,RU,0
2024-07-30,RU,10
2024-07-31,RU,0
2024-08-01,RU,10
2024-08-02,RU,0
2024-08-03,RU,0
2024-08-04,RU,0
2024-08-05,RU,0
2024-08-06,RU,0
2024-08-07,RU,11
2024-08-08,RU,0
2024-08-09,RU,0
2024-08-10,RU,0
2024-08-11,RU,0
2024-08-12,RU,0
2024-08-13,RU,0
2024-08-14,RU,0
2024-08-15,RU,0
2024-08-16,RU,0
2024-08-17,RU,0
2024-08-18,RU,0
2024-08-19,RU,0
2024-08-20,RU,0
2024-08-21,RU,0
2024-08-22,RU,0
2024-08-23,RU,0
2024-08-24,RU,0
2024-08-25,RU,0
2024-08-26,RU,0
2024-08-27,RU,0
2024-08-28,RU,0
2024-08-29,RU,11
2024-08-30,RU,0
2024-08-31,RU,0
2024-09-01,RU,0
2024-09-02,RU,0
2024-09-03,RU,0
2024-09-04,RU,0
2024-09-05,RU,0
2024-09-06,RU,0
2024-09-07,RU,0
2024-09-08,RU,0
2024-09-09,RU,0
2024-09-10,RU,0
2024-09-11,RU,17
2024-09-12,RU,0
2024-09-13,RU,0
2024-09-14,RU,0
2024-09-15,RU,0
2024-09-16,RU,0
2024-09-17,RU,0
2024-09-18,RU,0
2024-09-19,RU,0
2024-09-20,RU,10
2024-09-21,RU,0
2024-09-22,RU,0
2024-09-23,RU,104
2024-09-24,RU,33
2024-09-25,RU,12
2024-09-26,RU,0
2024-09-27,RU,0
2024-09-28,RU,0
2024-09-29,RU,0
2024-09-30,RU,0
2024-10-01,RU,0
2024-10-02,RU,0
2024-10-03,RU,0
2024-10-04,RU,10
2024-07-07,SA,0
2024-07-08,SA,0
2024-07-09,SA,0
2024-07-10,SA,0
2024-07-11,SA,0
2024-07-12,SA,0
2024-07-13,SA,0
2024-07-14,SA,0
2024-07-15,SA,0
2024-07-16,SA,0
2024-07-17,SA,0
2024-07-18,SA,0
2024-07-19,SA,0
2024-07-20,SA,0
2024-07-21,SA,0
2024-07-22,SA,0
2024-07-23,SA,0
2024-07-24,SA,0
2024-07-25,SA,0
2024-07-26,SA,0
2024-07-27,SA,0
2024-07-28,SA,0
2024-07-29,SA,0
2024-07-30,SA,0
2024-07-31,SA,0
2024-08-01,SA,0
2024-08-02,SA,0
2024-08-03,SA,0
2024-08-04,SA,0
2024-08-05,SA,0
2024-08-06,SA,10
2024-08-07,SA,0
2024-08-08,SA,0
2024-08-09,SA,0
2024-08-10,SA,0
2024-08-11,SA,0
2024-08-12,SA,0
2024-08-13,SA,0
2024-08-14,SA,0
2024-08-15,SA,0
2024-08-16,SA,0
2024-08-17,SA,0
2024-08-18,SA,0
2024-08-19,SA,0
2024-08-20,SA,0
2024-08-21,SA,0
2024-08-22,SA,0
2024-08-23,SA,0
2024-08-24,SA,0
2024-08-25,SA,0
2024-08-26,SA,0
2024-08-27,SA,0
2024-08-28,SA,0
2024-08-29,SA,0
2024-08-30,SA,0
2024-08-31,SA,0
2024-09-01,SA,0
2024-09-02,SA,0
2024-09-03,SA,0
2024-09-04,SA,0
2024-09-05,SA,0
2024-09-06,SA,0
2024-09-07,SA,0
2024-09-08,SA,0
2024-09-09,SA,0
2024-09-10,SA,0
2024-09-11,SA,0
2024-09-12,SA,0
2024-09-13,SA,0
2024-09-14,SA,0
2024-09-15,SA,0
2024-09-16,SA,0
2024-09-17,SA,0
2024-09-18,SA,0
2024-09-19,SA,0
2024-09-20,SA,0
2024-09-21,SA,0
2024-09-22,SA,0
2024-09-23,SA,0
2024-09-24,SA,0
2024-09-25,SA,0
2024-09-26,SA,0
2024-09-27,SA,0
2024-09-28,SA,0
2024-09-29,SA,0
2024-09-30,SA,0
2024-10-01,SA,0
2024-10-02,SA,0
2024-10-03,SA,0
2024-10-04,SA,0
2024-07-07,SE,0
2024-07-08,SE,0
2024-07-09,SE,0
2024-07-10,SE,0
2024-07-11,SE,0
2024-07-12,SE,0
2024-07-13,SE,0
2024-07-14,SE,0
2024-07-15,SE,0
2024-07-16,SE,0
2024-07-17,SE,0
2024-07-18,SE,0
2024-07-19,SE,0
2024-07-20,SE,0
2024-07-21,SE,0
2024-07-22,SE,0
2024-07-23,SE,0
2024-07-24,SE,0
2024-07-25,SE,0
2024-07-26,SE,0
2024-07-27,SE,0
2024-07-28,SE,0
2024-07-29,SE,0
2024-07-30,SE,0
2024-07-31,SE,0
2024-08-01,SE,0
2024-08-02,SE,0
2024-08-03,SE,0
2024-08-04,SE,0
2024-08-05,SE,0
2024-08-06,SE,0
2024-08-07,SE,0
2024-08-08,SE,0
2024-08-09,SE,0
2024-08-10,SE,0
2024-08-11,SE,0
2024-08-12,SE,0
2024-08-13,SE,0
2024-08-14,SE,0
2024-08-15,SE,0
2024-08-16,SE,0
2024-08-17,SE,0
2024-08-18,SE,0
2024-08-19,SE,0
2024-08-20,SE,0
2024-08-21,SE,0
2024-08-22,SE,0
2024-08-23,SE,0
2024-08-24,SE,0
2024-08-25,SE,0
2024-08-26,SE,0
2024-08-27,SE,0
2024-08-28,SE,0
2024-08-29,SE,0
2024-08-30,SE,0
2024-08-31,SE,0
2024-09-01,SE,0
2024-09-02,SE,0
2024-09-03,SE,0
2024-09-04,SE,0
2024-09-05,SE,0
2024-09-06,SE,0
2024-09-07,SE,0
2024-09-08,SE,0
2024-09-09,SE,0
2024-09-10,SE,0
2024-09-11,SE,0
2024-09-12,SE,0
2024-09-13,SE,0
2024-09-14,SE,0
2024-09-15,SE,0
2024-09-16,SE,0
2024-09-17,SE,0
2024-09-18,SE,0
2024-09-19,SE,0
2024-09-20,SE,0
2024-09-21,SE,0
2024-09-22,SE,0
2024-09-23,SE,26
2024-09-24,SE,14
2024-09-25,SE,0
2024-09-26,SE,0
2024-09-27,SE,0
2024-09-28,SE,0
2024-09-29,SE,0
2024-09-30,SE,0
2024-10-01,SE,0
2024-10-02,SE,0
2024-10-03,SE,0
2024-10-04,SE,0
2024-07-07,SK,0
2024-07-08,SK,0
2024-07-09,SK,0
2024-07-10,SK,0
2024-07-11,SK,0
2024-07-12,SK,0
2024-07-13,SK,0
2024-07-14,SK,0
2024-07-15,SK,0
2024-07-16,SK,0
2024-07-17,SK,0
2024-07-18,SK,0
2024-07-19,SK,0
2024-07-20,SK,0
2024-07-21,SK,0
2024-07-22,SK,0
2024-07-23,SK,0
2024-07-24,SK,0
2024-07-25,SK,0
2024-07-26,SK,0
2024-07-27,SK,0
2024-07-28,SK,0
2024-07-29,SK,0
2024-07-30,SK,0
2024-07-31,SK,0
2024-08-01,SK,0
2024-08-02,SK,0
2024-08-03,SK,0
2024-08-04,SK,0
2024-08-05,SK,0
2024-08-06,SK,0
2024-08-07,SK,0
2024-08-08,SK,0
2024-08-09,SK,0
2024-08-10,SK,0
2024-08-11,SK,0
2024-08-12,SK,0
2024-08-13,SK,0
2024-08-14,SK,0
2024-08-15,SK,0
2024-08-16,SK,0
2024-08-17,SK,0
2024-08-18,SK,0
2024-08-19,SK,0
2024-08-20,SK,0
2024-08-21,SK,0
2024-08-22,SK,0
2024-08-23,SK,0
2024-08-24,SK,0
2024-08-25,SK,0
2024-08-26,SK,0
2024-08-27,SK,0
2024-08-28,SK,0
2024-08-29,SK,0
2024-08-30,SK,0
2024-08-31,SK,0
2024-09-01,SK,0
2024-09-02,SK,0
2024-09-03,SK,0
2024-09-04,SK,0
2024-09-05,SK,0
2024-09-06,SK,0
2024-09-07,SK,0
2024-09-08,SK,0
2024-09-09,SK,0
2024-09-10,SK,0
2024-09-11,SK,0
2024-09-12,SK,0
2024-09-13,SK,0
2024-09-14,SK,0
2024-09-15,SK,0
2024-09-16,SK,0
2024-09-17,SK,0
2024-09-18,SK,0
2024-09-19,SK,0
2024-09-20,SK,0
2024-09-21,SK,0
2024-09-22,SK,0
2024-09-23,SK,14
2024-09-24,SK,0
2024-09-25,SK,0
2024-09-26,SK,0
2024-09-27,SK,0
2024-09-28,SK,0
2024-09-29,SK,0
2024-09-30,SK,0
2024-10-01,SK,0
2024-10-02,SK,0
2024-10-03,SK,0
2024-10-04,SK,0
2024-07-07,TR,0
2024-07-08,TR,0
2024-07-09,TR,0
2024-07-10,TR,0
2024-07-11,TR,0
2024-07-12,TR,0
2024-07-13,TR,0
2024-07-14,TR,0
2024-07-15,TR,0
2024-07-16,TR,0
2024-07-17,TR,0
2024-07-18,TR,0
2024-07-19,TR,0
2024-07-20,TR,0
2024-07-21,TR,0
2024-07-22,TR,0
2024-07-23,TR,0
2024-07-24,TR,0
2024-07-25,TR,0
2024-07-26,TR,0
2024-07-27,TR,0
2024-07-28,TR,0
2024-07-29,TR,0
2024-07-30,TR,0
2024-07-31,TR,0
2024-08-01,TR,0
2024-08-02,TR,0
2024-08-03,TR,0
2024-08-04,TR,0
2024-08-05,TR,0
2024-08-06,TR,0
2024-08-07,TR,0
2024-08-08,TR,0
2024-08-09,TR,0
2024-08-10,TR,0
2024-08-11,TR,0
2024-08-12,TR,0
2024-08-13,TR,0
2024-08-14,TR,0
2024-08-15,TR,0
2024-08-16,TR,0
2024-08-17,TR,0
2024-08-18,TR,0
2024-08-19,TR,0
2024-08-20,TR,0
2024-08-21,TR,0
2024-08-22,TR,0
2024-08-23,TR,0
2024-08-24,TR,0
2024-08-25,TR,0
2024-08-26,TR,0
2024-08-27,TR,0
2024-08-28,TR,0
2024-08-29,TR,0
2024-08-30,TR,0
2024-08-31,TR,0
2024-09-01,TR,0
2024-09-02,TR,0
2024-09-03,TR,0
2024-09-04,TR,0
2024-09-05,TR,0
2024-09-06,TR,0
2024-09-07,TR,0
2024-09-08,TR,0
2024-09-09,TR,0
2024-09-10,TR,0
2024-09-11,TR,0
2024-09-12,TR,0
2024-09-13,TR,0
2024-09-14,TR,0
2024-09-15,TR,0
2024-09-16,TR,0
2024-09-17,TR,0
2024-09-18,TR,0
2024-09-19,TR,0
2024-09-20,TR,0
2024-09-21,TR,0
2024-09-22,TR,0
2024-09-23,TR,0
2024-09-24,TR,0
2024-09-25,TR,0
2024-09-26,TR,0
2024-09-27,TR,0
2024-09-28,TR,0
2024-09-29,TR,0
2024-09-30,TR,0
2024-10-01,TR,0
2024-10-02,TR,0
2024-10-03,TR,0
2024-10-04,TR,0
2024-07-07,UA,0
2024-07-08,UA,0
2024-07-09,UA,0
2024-07-10,UA,0
2024-07-11,UA,0
2024-07-12,UA,0
2024-07-13,UA,0
2024-07-14,UA,0
2024-07-15,UA,0
2024-07-16,UA,0
2024-07-17,UA,0
2024-07-18,UA,0
2024-07-19,UA,0
2024-07-20,UA,0
2024-07-21,UA,0
2024-07-22,UA,0
2024-07-23,UA,0
2024-07-24,UA,0
2024-07-25,UA,0
2024-07-26,UA,0
2024-07-27,UA,0
2024-07-28,UA,0
2024-07-29,UA,0
2024-07-30,UA,0
2024-07-31,UA,0
2024-08-01,UA,0
2024-08-02,UA,0
2024-08-03,UA,0
2024-08-04,UA,0
2024-08-05,UA,0
2024-08-06,UA,0
2024-08-07,UA,0
2024-08-08,UA,0
2024-08-09,UA,0
2024-08-10,UA,0
2024-08-11,UA,0
2024-08-12,UA,0
2024-08-13,UA,0
2024-08-14,UA,0
2024-08-15,UA,0
2024-08-16,UA,0
2024-08-17,UA,0
2024-08-18,UA,0
2024-08-19,UA,0
2024-08-20,UA,0
2024-08-21,UA,0
2024-08-22,UA,0
2024-08-23,UA,0
2024-08-24,UA,0
2024-08-25,UA,0
2024-08-26,UA,0
2024-08-27,UA,0
2024-08-28,UA,0
2024-08-29,UA,0
2024-08-30,UA,0
2024-08-31,UA,0
2024-09-01,UA,0
2024-09-02,UA,0
2024-09-03,UA,0
2024-09-04,UA,0
2024-09-05,UA,0
2024-09-06,UA,0
2024-09-07,UA,0
2024-09-08,UA,0
2024-09-09,UA,0
2024-09-10,UA,0
2024-09-11,UA,0
2024-09-12,UA,0
2024-09-13,UA,0
2024-09-14,UA,0
2024-09-15,UA,0
2024-09-16,UA,0
2024-09-17,UA,0
2024-09-18,UA,0
2024-09-19,UA,0
2024-09-20,UA,0
2024-09-21,UA,0
2024-09-22,UA,0
2024-09-23,UA,24
2024-09-24,UA,11
2024-09-25,UA,0
2024-09-26,UA,0
2024-09-27,UA,0
2024-09-28,UA,0
2024-09-29,UA,0
2024-09-30,UA,0
2024-10-01,UA,0
2024-10-02,UA,0
2024-10-03,UA,0
2024-10-04,UA,0
2024-07-07,US,0
2024-07-08,US,18
2024-07-09,US,16
2024-07-10,US,17
2024-07-11,US,13
2024-07-12,US,10
2024-07-13,US,0
2024-07-14,US,0
2024-07-15,US,0
2024-07-16,US,0
2024-07-17,US,0
2024-07-18,US,0
2024-07-19,US,18
2024-07-20,US,23
2024-07-21,US,0
2024-07-22,US,16
2024-07-23,US,0
2024-07-24,US,20
2024-07-25,US,29
2024-07-26,US,21
2024-07-27,US,0
2024-07-28,US,12
2024-07-29,US,43
2024-07-30,US,25
2024-07-31,US,73
2024-08-01,US,66
2024-08-02,US,76
2024-08-03,US,48
2024-08-04,US,17
2024-08-05,US,0
2024-08-06,US,0
2024-08-07,US,0
2024-08-08,US,22
2024-08-09,US,11
2024-08-10,US,28
2024-08-11,US,17
2024-08-12,US,12
2024-08-13,US,0
2024-08-14,US,0
2024-08-15,US,0
2024-08-16,US,10
2024-08-17,US,0
2024-08-18,US,0
2024-08-19,US,34
2024-08-20,US,22
2024-08-21,US,13
2024-08-22,US,0
2024-08-23,US,0
2024-08-24,US,0
2024-08-25,US,13
2024-08-26,US,28
2024-08-27,US,10
2024-08-28,US,15
2024-08-29,US,0
2024-08-30,US,20
2024-08-31,US,32
2024-09-01,US,10
2024-09-02,US,44
2024-09-03,US,0
2024-09-04,US,23
2024-09-05,US,13
2024-09-06,US,0
2024-09-07,US,15
2024-09-08,US,0
2024-09-09,US,51
2024-09-10,US,34
2024-09-11,US,33
2024-09-12,US,14
2024-09-13,US,47
2024-09-14,US,0
2024-09-15,US,0
2024-09-16,US,0
2024-09-17,US,0
2024-09-18,US,0
2024-09-19,US,0
2024-09-20,US,17
2024-09-21,US,32
2024-09-22,US,26
2024-09-23,US,10
2024-09-24,US,27
2024-09-25,US,0
2024-09-26,US,0
2024-09-27,US,10
2024-09-28,US,0
2024-09-29,US,0
2024-09-30,US,0
2024-10-01,US,27
2024-10-02,US,0
2024-10-03,US,0
2024-10-04,US,0
2024-07-07,UZ,0
2024-07-08,UZ,0
2024-07-09,UZ,0
2024-07-10,UZ,0
2024-07-11,UZ,0
2024-07-12,UZ,0
2024-07-13,UZ,0
2024-07-14,UZ,0
2024-07-15,UZ,0
2024-07-16,UZ,0
2024-07-17,UZ,0
2024-07-18,UZ,0
2024-07-19,UZ,0
2024-07-20,UZ,0
2024-07-21,UZ,0
2024-07-22,UZ,0
2024-07-23,UZ,0
2024-07-24,UZ,0
2024-07-25,UZ,0
2024-07-26,UZ,0
2024-07-27,UZ,0
2024-07-28,UZ,0
2024-07-29,UZ,0
2024-07-30,UZ,0
2024-07-31,UZ,0
2024-08-01,UZ,0
2024-08-02,UZ,0
2024-08-03,UZ,0
2024-08-04,UZ,0
2024-08-05,UZ,0
2024-08-06,UZ,0
2024-08-07,UZ,0
2024-08-08,UZ,0
2024-08-09,UZ,0
2024-08-10,UZ,0
2024-08-11,UZ,0
2024-08-12,UZ,0
2024-08-13,UZ,0
2024-08-14,UZ,0
2024-08-15,UZ,0
2024-08-16,UZ,0
2024-08-17,UZ,0
2024-08-18,UZ,0
2024-08-19,UZ,0
2024-08-20,UZ,0
2024-08-21,UZ,0
2024-08-22,UZ,0
2024-08-23,UZ,0
2024-08-24,UZ,0
2024-08-25,UZ,0
2024-08-26,UZ,0
2024-08-27,UZ,0
2024-08-28,UZ,0
2024-08-29,UZ,0
2024-08-30,UZ,0
2024-08-31,UZ,0
2024-09-01,UZ,0
2024-09-02,UZ,0
2024-09-03,UZ,0
2024-09-04,UZ,0
2024-09-05,UZ,0
2024-09-06,UZ,0
2024-09-07,UZ,0
2024-09-08,UZ,0
2024-09-09,UZ,0
2024-09-10,UZ,0
2024-09-11,UZ,0
2024-09-12,UZ,0
2024-09-13,UZ,0
2024-09-14,UZ,0
2024-09-15,UZ,0
2024-09-16,UZ,0
2024-09-17,UZ,0
2024-09-18,UZ,0
2024-09-19,UZ,0
2024-09-20,UZ,0
2024-09-21,UZ,0
2024-09-22,UZ,0
2024-09-23,UZ,0
2024-09-24,UZ,0
2024-09-25,UZ,0
2024-09-26,UZ,0
2024-09-27,UZ,0
2024-09-28,UZ,0
2024-09-29,UZ,0
2024-09-30,UZ,0
2024-10-01,UZ,0
2024-10-02,UZ,0
2024-10-03,UZ,0
2024-10-04,UZ,10
2024-07-07,VN,15
2024-07-08,VN,14
2024-07-09,VN,16
2024-07-10,VN,0
2024-07-11,VN,0
2024-07-12,VN,17
2024-07-13,VN,24
2024-07-14,VN,21
2024-07-15,VN,18
2024-07-16,VN,15
2024-07-17,VN,12
2024-07-18,VN,0
2024-07-19,VN,10
2024-07-20,VN,0
2024-07-21,VN,11
2024-07-22,VN,15
2024-07-23,VN,15
2024-07-24,VN,13
2024-07-25,VN,12
2024-07-26,VN,12
2024-07-27,VN,11
2024-07-28,VN,10
2024-07-29,VN,0
2024-07-30,VN,0
2024-07-31,VN,0
2024-08-01,VN,31
2024-08-02,VN,20
2024-08-03,VN,11
2024-08-04,VN,10
2024-08-05,VN,24
2024-08-06,VN,0
2024-08-07,VN,13
2024-08-08,VN,0
2024-08-09,VN,0
2024-08-10,VN,0
2024-08-11,VN,0
2024-08-12,VN,0
2024-08-13,VN,0
2024-08-14,VN,0
2024-08-15,VN,0
2024-08-16,VN,0
2024-08-17,VN,0
2024-08-18,VN,0
2024-08-19,VN,0
2024-08-20,VN,0
2024-08-21,VN,0
2024-08-22,VN,0
2024-08-23,VN,56
2024-08-24,VN,0
2024-08-25,VN,0
2024-08-26,VN,15
2024-08-27,VN,0
2024-08-28,VN,0
2024-08-29,VN,21
2024-08-30,VN,0
2024-08-31,VN,44
2024-09-01,VN,11
2024-09-02,VN,23
2024-09-03,VN,11
2024-09-04,VN,24
2024-09-05,VN,0
2024-09-06,VN,10
2024-09-07,VN,0
2024-09-08,VN,0
2024-09-09,VN,24
2024-09-10,VN,0
2024-09-11,VN,0
2024-09-12,VN,0
2024-09-13,VN,0
2024-09-14,VN,17
2024-09-15,VN,0
2024-09-16,VN,0
2024-09-17,VN,0
2024-09-18,VN,0
2024-09-19,VN,0
2024-09-20,VN,0
2024-09-21,VN,0
2024-09-22,VN,11
2024-09-23,VN,0
2024-09-24,VN,0
2024-09-25,VN,0
2024-09-26,VN,0
2024-09-27,VN,0
2024-09-28,VN,0
2024-09-29,VN,0
2024-09-30,VN,0
2024-10-01,VN,0
2024-10-02,VN,0
2024-10-03,VN,0
2024-10-04,VN,0
2024-07-07,ZA,0
2024-07-08,ZA,0
2024-07-09,ZA,0
2024-07-10,ZA,0
2024-07-11,ZA,0
2024-07-12,ZA,0
2024-07-13,ZA,0
2024-07-14,ZA,0
2024-07-15,ZA,0
2024-07-16,ZA,0
2024-07-17,ZA,0
2024-07-18,ZA,0
2024-07-19,ZA,0
2024-07-20,ZA,0
2024-07-21,ZA,0
2024-07-22,ZA,0
2024-07-23,ZA,0
2024-07-24,ZA,0
2024-07-25,ZA,0
2024-07-26,ZA,0
2024-07-27,ZA,0
2024-07-28,ZA,0
2024-07-29,ZA,0
2024-07-30,ZA,0
2024-07-31,ZA,0
2024-08-01,ZA,0
2024-08-02,ZA,0
2024-08-03,ZA,0
2024-08-04,ZA,0
2024-08-05,ZA,0
2024-08-06,ZA,0
2024-08-07,ZA,0
2024-08-08,ZA,0
2024-08-09,ZA,0
2024-08-10,ZA,0
2024-08-11,ZA,0
2024-08-12,ZA,0
2024-08-13,ZA,0
2024-08-14,ZA,0
2024-08-15,ZA,0
2024-08-16,ZA,0
2024-08-17,ZA,0
2024-08-18,ZA,0
2024-08-19,ZA,0
2024-08-20,ZA,0
2024-08-21,ZA,0
2024-08-22,ZA,0
2024-08-23,ZA,0
2024-08-24,ZA,0
2024-08-25,ZA,0
2024-08-26,ZA,0
2024-08-27,ZA,0
2024-08-28,ZA,0
2024-08-29,ZA,0
2024-08-30,ZA,0
2024-08-31,ZA,0
2024-09-01,ZA,0
2024-09-02,ZA,0
2024-09-03,ZA,0
2024-09-04,ZA,0
2024-09-05,ZA,0
2024-09-06,ZA,0
2024-09-07,ZA,0
2024-09-08,ZA,0
2024-09-09,ZA,0
2024-09-10,ZA,0
2024-09-11,ZA,0
2024-09-12,ZA,0
2024-09-13,ZA,0
2024-09-14,ZA,0
2024-09-15,ZA,0
2024-09-16,ZA,0
2024-09-17,ZA,0
2024-09-18,ZA,0
2024-09-19,ZA,0
2024-09-20,ZA,0
2024-09-21,ZA,0
2024-09-22,ZA,0
2024-09-23,ZA,0
2024-09-24,ZA,10
2024-09-25,ZA,0
2024-09-26,ZA,0
2024-09-27,ZA,0
2024-09-28,ZA,0
2024-09-29,ZA,0
2024-09-30,ZA,0
2024-10-01,ZA,0
2024-10-02,ZA,0
2024-10-03,ZA,0
2024-10-04,ZA,0
