Date,Views
2024-07-07,190
2024-07-08,258
2024-07-09,307
2024-07-10,282
2024-07-11,236
2024-07-12,253
2024-07-13,273
2024-07-14,186
2024-07-15,183
2024-07-16,162
2024-07-17,199
2024-07-18,259
2024-07-19,294
2024-07-20,279
2024-07-21,281
2024-07-22,224
2024-07-23,252
2024-07-24,252
2024-07-25,263
2024-07-26,259
2024-07-27,293
2024-07-28,280
2024-07-29,300
2024-07-30,265
2024-07-31,354
2024-08-01,394
2024-08-02,392
2024-08-03,363
2024-08-04,339
2024-08-05,290
2024-08-06,236
2024-08-07,314
2024-08-08,252
2024-08-09,343
2024-08-10,234
2024-08-11,282
2024-08-12,304
2024-08-13,403
2024-08-14,312
2024-08-15,179
2024-08-16,340
2024-08-17,238
2024-08-18,187
2024-08-19,186
2024-08-20,219
2024-08-21,223
2024-08-22,201
2024-08-23,273
2024-08-24,249
2024-08-25,257
2024-08-26,230
2024-08-27,213
2024-08-28,201
2024-08-29,236
2024-08-30,287
2024-08-31,282
2024-09-01,133
2024-09-02,279
2024-09-03,225
2024-09-04,215
2024-09-05,212
2024-09-06,199
2024-09-07,130
2024-09-08,263
2024-09-09,304
2024-09-10,316
2024-09-11,324
2024-09-12,181
2024-09-13,174
2024-09-14,177
2024-09-15,197
2024-09-16,253
2024-09-17,129
2024-09-18,141
2024-09-19,118
2024-09-20,235
2024-09-21,273
2024-09-22,186
2024-09-23,811
2024-09-24,779
2024-09-25,144
2024-09-26,157
2024-09-27,122
2024-09-28,93
2024-09-29,148
2024-09-30,116
2024-10-01,149
2024-10-02,134
2024-10-03,65
2024-10-04,171
